#pragma once

#include "Icon.h"

// Generated by libs/assets/Icons/tools/gen_icons.py from Lucide SVGs. Do not edit.
// Sizes: 24, 32px (plus a few larger app marks). Icons: 71.

// chess  (lucide: crown)
static const uint8_t icon_chess_24_bits[] = {
    0xFF, 0xFF, 0xFF, 0xFF, 0xFF, 0xFF, 0xFF, 0xE7, 0xFF, 0xFF, 0xC3, 0xFF, 0xFF, 0xC3, 0xFF, 0x8F, 0x99, 0xF1,
    0x87, 0x99, 0xE1, 0x81, 0x3C, 0x81, 0xC8, 0x3C, 0x13, 0xCC, 0x7E, 0x33, 0xCF, 0xFF, 0xF3, 0xEF, 0xFF, 0xE7,
    0xE7, 0xFF, 0xE7, 0xE7, 0xFF, 0xE7, 0xE7, 0xFF, 0xE7, 0xF3, 0xFF, 0xCF, 0xF0, 0x00, 0x0F, 0xF8, 0x00, 0x1F,
    0xFF, 0xFF, 0xFF, 0xFF, 0xFF, 0xFF, 0xF0, 0x00, 0x0F, 0xF0, 0x00, 0x0F, 0xFF, 0xFF, 0xFF, 0xFF, 0xFF, 0xFF};
static const freeink::Icon icon_chess_24 = {24, 24, 12, icon_chess_24_bits};
static const uint8_t icon_chess_32_bits[] = {
    0xFF, 0xFF, 0xFF, 0xFF, 0xFF, 0xFF, 0xFF, 0xFF, 0xFF, 0xFF, 0xFF, 0xFF, 0xFF, 0xFE, 0x7F, 0xFF, 0xFF, 0xFC, 0x3F,
    0xFF, 0xFF, 0xF8, 0x1F, 0xFF, 0xC7, 0xF8, 0x1F, 0xE3, 0xC3, 0xF1, 0x8F, 0xC3, 0xC1, 0xF1, 0x8F, 0x83, 0xC0, 0xE3,
    0xC7, 0x03, 0xC0, 0x63, 0xC6, 0x03, 0xC6, 0x07, 0xE0, 0x63, 0xE7, 0x07, 0xE0, 0xE7, 0xE3, 0x9F, 0xF9, 0xC7, 0xE3,
    0xFF, 0xFF, 0xC7, 0xE3, 0xFF, 0xFF, 0xC7, 0xF3, 0xFF, 0xFF, 0xCF, 0xF1, 0xFF, 0xFF, 0x8F, 0xF1, 0xFF, 0xFF, 0x8F,
    0xF9, 0xFF, 0xFF, 0x9F, 0xF9, 0xFF, 0xFF, 0x9F, 0xF8, 0x00, 0x00, 0x1F, 0xFC, 0x00, 0x00, 0x3F, 0xFE, 0x00, 0x00,
    0x7F, 0xFF, 0xFF, 0xFF, 0xFF, 0xFF, 0xFF, 0xFF, 0xFF, 0xFF, 0xFF, 0xFF, 0xFF, 0xFC, 0x00, 0x00, 0x3F, 0xFC, 0x00,
    0x00, 0x3F, 0xFF, 0xFF, 0xFF, 0xFF, 0xFF, 0xFF, 0xFF, 0xFF, 0xFF, 0xFF, 0xFF, 0xFF};
static const freeink::Icon icon_chess_32 = {32, 32, 16, icon_chess_32_bits};

// battleship  (lucide: ship)
static const uint8_t icon_battleship_24_bits[] = {
    0xFF, 0xFF, 0xFF, 0xFF, 0xE7, 0xFF, 0xFF, 0xE7, 0xFF, 0xFF, 0xE7, 0xFF, 0xFC, 0x00, 0x3F, 0xF8, 0x00, 0x1F,
    0xF3, 0xFF, 0xCF, 0xF3, 0xFF, 0xCF, 0xF3, 0xFF, 0xCF, 0xF3, 0xE7, 0xCF, 0xF3, 0x81, 0xCF, 0xF0, 0x00, 0x0F,
    0xF0, 0x66, 0x0F, 0xC3, 0xE7, 0xC3, 0xCF, 0xE7, 0xF3, 0xCF, 0xFF, 0xF3, 0xCF, 0xFF, 0xF3, 0xEF, 0xFF, 0xE7,
    0xE7, 0xFF, 0xE7, 0xE7, 0x1F, 0xC7, 0x90, 0x07, 0x01, 0x80, 0xE0, 0x39, 0xE1, 0xF8, 0xFF, 0xFF, 0xFF, 0xFF};
static const freeink::Icon icon_battleship_24 = {24, 24, 13, icon_battleship_24_bits};
static const uint8_t icon_battleship_32_bits[] = {
    0xFF, 0xFF, 0xFF, 0xFF, 0xFF, 0xFF, 0xFF, 0xFF, 0xFF, 0xFE, 0x7F, 0xFF, 0xFF, 0xFE, 0x7F, 0xFF, 0xFF, 0xFE, 0x7F,
    0xFF, 0xFF, 0x80, 0x01, 0xFF, 0xFE, 0x00, 0x00, 0x7F, 0xFC, 0x00, 0x00, 0x3F, 0xFC, 0xFF, 0xFF, 0x3F, 0xF8, 0xFF,
    0xFF, 0x1F, 0xF8, 0xFF, 0xFF, 0x1F, 0xF8, 0xFF, 0xFF, 0x1F, 0xF8, 0xFE, 0x7F, 0x1F, 0xF8, 0xF8, 0x1F, 0x1F, 0xF8,
    0xC0, 0x03, 0x1F, 0xF8, 0x00, 0x00, 0x1F, 0xF8, 0x0E, 0x70, 0x1F, 0xF0, 0x3E, 0x7C, 0x0F, 0xE0, 0xFE, 0x7F, 0x07,
    0xE3, 0xFE, 0x7F, 0xC7, 0xE7, 0xFF, 0xFF, 0xE7, 0xE3, 0xFF, 0xFF, 0xC7, 0xE3, 0xFF, 0xFF, 0xC7, 0xE3, 0xFF, 0xFF,
    0xC7, 0xF3, 0xFF, 0xFF, 0xCF, 0xF1, 0xF3, 0xFF, 0x8F, 0xF8, 0x80, 0xFE, 0x07, 0xC8, 0x00, 0x78, 0x03, 0xC0, 0x1E,
    0x00, 0xF3, 0xE0, 0x7F, 0x01, 0xFF, 0xF8, 0xFF, 0xCF, 0xFF, 0xFF, 0xFF, 0xFF, 0xFF};
static const freeink::Icon icon_battleship_32 = {32, 32, 17, icon_battleship_32_bits};

// connections  (lucide: grid-2x2)
static const uint8_t icon_connections_24_bits[] = {
    0xFF, 0xFF, 0xFF, 0xFF, 0xFF, 0xFF, 0xF0, 0x00, 0x0F, 0xE0, 0x00, 0x07, 0xCF, 0xE7, 0xF3, 0xCF, 0xE7, 0xF3,
    0xCF, 0xE7, 0xF3, 0xCF, 0xE7, 0xF3, 0xCF, 0xE7, 0xF3, 0xCF, 0xE7, 0xF3, 0xCF, 0xE7, 0xF3, 0xC0, 0x00, 0x03,
    0xC0, 0x00, 0x03, 0xCF, 0xE7, 0xF3, 0xCF, 0xE7, 0xF3, 0xCF, 0xE7, 0xF3, 0xCF, 0xE7, 0xF3, 0xCF, 0xE7, 0xF3,
    0xCF, 0xE7, 0xF3, 0xCF, 0xE7, 0xF3, 0xE0, 0x00, 0x07, 0xF0, 0x00, 0x0F, 0xFF, 0xFF, 0xFF, 0xFF, 0xFF, 0xFF};
static const freeink::Icon icon_connections_24 = {24, 24, 12, icon_connections_24_bits};
static const uint8_t icon_connections_32_bits[] = {
    0xFF, 0xFF, 0xFF, 0xFF, 0xFF, 0xFF, 0xFF, 0xFF, 0xFF, 0xFF, 0xFF, 0xFF, 0xF0, 0x00, 0x00, 0x0F, 0xE0, 0x00, 0x00,
    0x07, 0xE3, 0xFE, 0x7F, 0xC7, 0xE7, 0xFE, 0x7F, 0xE7, 0xE7, 0xFE, 0x7F, 0xE7, 0xE7, 0xFE, 0x7F, 0xE7, 0xE7, 0xFE,
    0x7F, 0xE7, 0xE7, 0xFE, 0x7F, 0xE7, 0xE7, 0xFE, 0x7F, 0xE7, 0xE7, 0xFE, 0x7F, 0xE7, 0xE7, 0xFE, 0x7F, 0xE7, 0xE7,
    0xFE, 0x7F, 0xE7, 0xE0, 0x00, 0x00, 0x07, 0xE0, 0x00, 0x00, 0x07, 0xE7, 0xFE, 0x7F, 0xE7, 0xE7, 0xFE, 0x7F, 0xE7,
    0xE7, 0xFE, 0x7F, 0xE7, 0xE7, 0xFE, 0x7F, 0xE7, 0xE7, 0xFE, 0x7F, 0xE7, 0xE7, 0xFE, 0x7F, 0xE7, 0xE7, 0xFE, 0x7F,
    0xE7, 0xE7, 0xFE, 0x7F, 0xE7, 0xE7, 0xFE, 0x7F, 0xE7, 0xE3, 0xFE, 0x7F, 0xC7, 0xE0, 0x00, 0x00, 0x07, 0xF0, 0x00,
    0x00, 0x0F, 0xFF, 0xFF, 0xFF, 0xFF, 0xFF, 0xFF, 0xFF, 0xFF, 0xFF, 0xFF, 0xFF, 0xFF};
static const freeink::Icon icon_connections_32 = {32, 32, 16, icon_connections_32_bits};

// solitaire  (lucide: spade)
static const uint8_t icon_solitaire_24_bits[] = {
    0xFF, 0xFF, 0xFF, 0xFF, 0xFF, 0xFF, 0xFF, 0xE7, 0xFF, 0xFF, 0x81, 0xFF, 0xFF, 0x18, 0xFF, 0xFE, 0x3C, 0x7F,
    0xFC, 0x7E, 0x3F, 0xF8, 0xFF, 0x1F, 0xF1, 0xFF, 0x8F, 0xE3, 0xFF, 0xC7, 0xC7, 0xFF, 0xE3, 0xCF, 0xFF, 0xF3,
    0x9F, 0xFF, 0xF9, 0x9F, 0xFF, 0xF9, 0x9F, 0xFF, 0xF9, 0x9F, 0xFF, 0xF9, 0x9F, 0xFF, 0xF9, 0xCF, 0xE7, 0xF3,
    0xE7, 0xC3, 0xE7, 0xF0, 0x00, 0x0F, 0xF8, 0x24, 0x1F, 0xFF, 0xE7, 0xFF, 0xFF, 0xE7, 0xFF, 0xFF, 0xFF, 0xFF};
static const freeink::Icon icon_solitaire_24 = {24, 24, 13, icon_solitaire_24_bits};
static const uint8_t icon_solitaire_32_bits[] = {
    0xFF, 0xFF, 0xFF, 0xFF, 0xFF, 0xFF, 0xFF, 0xFF, 0xFF, 0xFF, 0xFF, 0xFF, 0xFF, 0xFC, 0x3F, 0xFF, 0xFF, 0xF8, 0x1F,
    0xFF, 0xFF, 0xF1, 0x8F, 0xFF, 0xFF, 0xE3, 0xC3, 0xFF, 0xFF, 0x87, 0xE1, 0xFF, 0xFF, 0x0F, 0xF0, 0xFF, 0xFE, 0x1F,
    0xF8, 0x7F, 0xFC, 0x3F, 0xFC, 0x3F, 0xF8, 0x7F, 0xFE, 0x1F, 0xF0, 0xFF, 0xFF, 0x0F, 0xF1, 0xFF, 0xFF, 0x8F, 0xE3,
    0xFF, 0xFF, 0xC7, 0xC7, 0xFF, 0xFF, 0xE3, 0xC7, 0xFF, 0xFF, 0xE3, 0xCF, 0xFF, 0xFF, 0xF3, 0x8F, 0xFF, 0xFF, 0xF1,
    0x8F, 0xFF, 0xFF, 0xF1, 0x8F, 0xFF, 0xFF, 0xF3, 0xCF, 0xFF, 0xFF, 0xF3, 0xC7, 0xFF, 0xFF, 0xE3, 0xC3, 0xFC, 0x3F,
    0xC7, 0xE1, 0xF8, 0x1F, 0x87, 0xF0, 0x00, 0x00, 0x0F, 0xF8, 0x00, 0x00, 0x1F, 0xFE, 0x06, 0x60, 0x7F, 0xFF, 0xFE,
    0x7F, 0xFF, 0xFF, 0xFE, 0x7F, 0xFF, 0xFF, 0xFF, 0xFF, 0xFF, 0xFF, 0xFF, 0xFF, 0xFF};
static const freeink::Icon icon_solitaire_32 = {32, 32, 18, icon_solitaire_32_bits};

// hearts  (lucide: heart)
//
// APPENDED BY HAND, not by tools_local/toybox/gen_toybox_icons.sh, and that is
// deliberate: running that script as committed DELETES four icons this header
// carries. connectfour and yahtzee are not in icons.txt at all, and wl_pass and
// wl_look are here at 96 and 120px while the script asks only for 24 and 32.
// These bytes came from one run of it and were transplanted. Fix the script
// before regenerating anything in this file: board notice n15 has the detail.
static const uint8_t icon_hearts_24_bits[] = {
    0xFF, 0xFF, 0xFF, 0xFF, 0xFF, 0xFF, 0xFF, 0xFF, 0xFF, 0xF8, 0x3C, 0x1F, 0xF0, 0x18, 0x07, 0xE7, 0xC3, 0xE3,
    0xCF, 0xE7, 0xF3, 0x9F, 0xFF, 0xF9, 0x9F, 0xFF, 0xF9, 0x9F, 0xFF, 0xF9, 0x9F, 0xFF, 0xF9, 0x9F, 0xFF, 0xF9,
    0xCF, 0xFF, 0xF3, 0xC7, 0xFF, 0xE3, 0xE3, 0xFF, 0xC7, 0xF1, 0xFF, 0x8F, 0xF8, 0xFF, 0x1F, 0xFC, 0x7E, 0x3F,
    0xFE, 0x3C, 0x7F, 0xFF, 0x18, 0xFF, 0xFF, 0x81, 0xFF, 0xFF, 0xE7, 0xFF, 0xFF, 0xFF, 0xFF, 0xFF, 0xFF, 0xFF};
static const freeink::Icon icon_hearts_24 = {24, 24, 11, icon_hearts_24_bits};
static const uint8_t icon_hearts_32_bits[] = {
    0xFF, 0xFF, 0xFF, 0xFF, 0xFF, 0xFF, 0xFF, 0xFF, 0xFF, 0xFF, 0xFF, 0xFF, 0xFF, 0xFF, 0xFF, 0xFF, 0xFE, 0x07, 0xE0,
    0x7F, 0xF8, 0x01, 0x80, 0x1F, 0xF0, 0x00, 0x00, 0x0F, 0xE1, 0xF8, 0x1F, 0x87, 0xC3, 0xFC, 0x3F, 0xC3, 0xC7, 0xFF,
    0xFF, 0xE3, 0xCF, 0xFF, 0xFF, 0xF3, 0x8F, 0xFF, 0xFF, 0xF3, 0x8F, 0xFF, 0xFF, 0xF1, 0x8F, 0xFF, 0xFF, 0xF1, 0xCF,
    0xFF, 0xFF, 0xF3, 0xC7, 0xFF, 0xFF, 0xE3, 0xC7, 0xFF, 0xFF, 0xE3, 0xE3, 0xFF, 0xFF, 0xC7, 0xF1, 0xFF, 0xFF, 0x8F,
    0xF0, 0xFF, 0xFF, 0x0F, 0xF8, 0x7F, 0xFE, 0x1F, 0xFC, 0x3F, 0xFC, 0x3F, 0xFE, 0x1F, 0xF8, 0x7F, 0xFF, 0x0F, 0xF0,
    0xFF, 0xFF, 0x87, 0xE1, 0xFF, 0xFF, 0xE3, 0xC3, 0xFF, 0xFF, 0xF1, 0x8F, 0xFF, 0xFF, 0xF8, 0x1F, 0xFF, 0xFF, 0xFC,
    0x3F, 0xFF, 0xFF, 0xFF, 0xFF, 0xFF, 0xFF, 0xFF, 0xFF, 0xFF, 0xFF, 0xFF, 0xFF, 0xFF};
static const freeink::Icon icon_hearts_32 = {32, 32, 14, icon_hearts_32_bits};

// wavelength  (lucide: sliders-vertical)
static const uint8_t icon_wavelength_24_bits[] = {
    0xFF, 0xFF, 0xFF, 0xFF, 0xFF, 0xFF, 0xF3, 0xE7, 0xCF, 0xF3, 0xE7, 0xCF, 0xF3, 0xE7, 0xCF, 0xF3, 0xE7, 0xCF,
    0xF3, 0xE7, 0xCF, 0xF3, 0x81, 0xCF, 0xF3, 0x81, 0xCF, 0xF3, 0xFF, 0xCF, 0xF3, 0xFF, 0xCF, 0xFF, 0xE7, 0xCF,
    0xFF, 0xE7, 0xCF, 0xC0, 0xE7, 0xFF, 0xC0, 0xE7, 0xFF, 0xF3, 0xE7, 0x03, 0xF3, 0xE7, 0x03, 0xF3, 0xE7, 0xCF,
    0xF3, 0xE7, 0xCF, 0xF3, 0xE7, 0xCF, 0xF3, 0xE7, 0xCF, 0xF3, 0xE7, 0xCF, 0xFF, 0xFF, 0xFF, 0xFF, 0xFF, 0xFF};
static const freeink::Icon icon_wavelength_24 = {24, 24, 12, icon_wavelength_24_bits};
static const uint8_t icon_wavelength_32_bits[] = {
    0xFF, 0xFF, 0xFF, 0xFF, 0xFF, 0xFF, 0xFF, 0xFF, 0xFF, 0xFF, 0xFF, 0xFF, 0xFC, 0xFE, 0x7F, 0x3F, 0xF8, 0xFE, 0x7F,
    0x1F, 0xF8, 0xFE, 0x7F, 0x1F, 0xF8, 0xFE, 0x7F, 0x1F, 0xF8, 0xFE, 0x7F, 0x1F, 0xF8, 0xFE, 0x7F, 0x1F, 0xF8, 0xF8,
    0x1F, 0x1F, 0xF8, 0xF0, 0x0F, 0x1F, 0xF8, 0xF0, 0x0F, 0x1F, 0xF8, 0xFF, 0xFF, 0x1F, 0xF8, 0xFF, 0xFF, 0x1F, 0xFD,
    0xFF, 0xFF, 0x1F, 0xFF, 0xFE, 0x7F, 0x1F, 0xFF, 0xFE, 0x7F, 0x3F, 0xF0, 0x3E, 0x7F, 0xFF, 0xE0, 0x1E, 0x7F, 0xFF,
    0xE0, 0x3E, 0x7F, 0xFF, 0xF8, 0xFE, 0x7C, 0x07, 0xF8, 0xFE, 0x78, 0x07, 0xF8, 0xFE, 0x7C, 0x0F, 0xF8, 0xFE, 0x7F,
    0x1F, 0xF8, 0xFE, 0x7F, 0x1F, 0xF8, 0xFE, 0x7F, 0x1F, 0xF8, 0xFE, 0x7F, 0x1F, 0xF8, 0xFE, 0x7F, 0x1F, 0xFC, 0xFE,
    0x7F, 0x3F, 0xFF, 0xFF, 0xFF, 0xFF, 0xFF, 0xFF, 0xFF, 0xFF, 0xFF, 0xFF, 0xFF, 0xFF};
static const freeink::Icon icon_wavelength_32 = {32, 32, 16, icon_wavelength_32_bits};

// nearby  (lucide: radio)
static const uint8_t icon_nearby_24_bits[] = {
    0xFF, 0xFF, 0xFF, 0xFF, 0xFF, 0xFF, 0xFF, 0xFF, 0xFF, 0xFF, 0xFF, 0xFF, 0xF3, 0xFF, 0xCF, 0xE3, 0xFF, 0xC7,
    0xE7, 0xFF, 0xE7, 0xCE, 0x7E, 0x73, 0xCC, 0xFF, 0x33, 0x9C, 0xE7, 0x39, 0x99, 0xC3, 0x99, 0x99, 0x99, 0x99,
    0x99, 0x99, 0x99, 0x99, 0xC3, 0x99, 0x9C, 0xE7, 0x39, 0xCC, 0xFF, 0x33, 0xCE, 0x7E, 0x73, 0xE7, 0xFF, 0xE7,
    0xE3, 0xFF, 0xC7, 0xF3, 0xFF, 0xCF, 0xFF, 0xFF, 0xFF, 0xFF, 0xFF, 0xFF, 0xFF, 0xFF, 0xFF, 0xFF, 0xFF, 0xFF};
static const freeink::Icon icon_nearby_24 = {24, 24, 12, icon_nearby_24_bits};
static const uint8_t icon_nearby_32_bits[] = {
    0xFF, 0xFF, 0xFF, 0xFF, 0xFF, 0xFF, 0xFF, 0xFF, 0xFF, 0xFF, 0xFF, 0xFF, 0xFF, 0xFF, 0xFF, 0xFF, 0xFF, 0xFF, 0xFF,
    0xFF, 0xFD, 0xFF, 0xFF, 0xBF, 0xF8, 0xFF, 0xFF, 0x1F, 0xF1, 0xFF, 0xFF, 0x8F, 0xF1, 0xFF, 0xFF, 0x8F, 0xE3, 0x9F,
    0xF9, 0xC7, 0xC7, 0x8F, 0xF1, 0xE7, 0xC7, 0x1F, 0xF8, 0xE3, 0xCE, 0x3C, 0x3C, 0x63, 0xCE, 0x38, 0x1C, 0x73, 0xCE,
    0x70, 0x0E, 0x73, 0x8E, 0x71, 0x8E, 0x71, 0x8E, 0x71, 0x8E, 0x71, 0xCE, 0x70, 0x0E, 0x73, 0xCE, 0x38, 0x1C, 0x73,
    0xC6, 0x3C, 0x3C, 0x63, 0xC7, 0x1F, 0xF8, 0xE3, 0xC7, 0x8F, 0xF1, 0xE7, 0xE3, 0x9F, 0xF9, 0xC7, 0xF1, 0xFF, 0xFF,
    0x8F, 0xF1, 0xFF, 0xFF, 0x8F, 0xF8, 0xFF, 0xFF, 0x1F, 0xFD, 0xFF, 0xFF, 0xBF, 0xFF, 0xFF, 0xFF, 0xFF, 0xFF, 0xFF,
    0xFF, 0xFF, 0xFF, 0xFF, 0xFF, 0xFF, 0xFF, 0xFF, 0xFF, 0xFF, 0xFF, 0xFF, 0xFF, 0xFF};
static const freeink::Icon icon_nearby_32 = {32, 32, 16, icon_nearby_32_bits};

// games  (lucide: joystick)
static const uint8_t icon_games_24_bits[] = {
    0xFF, 0xFF, 0xFF, 0xFF, 0xFF, 0xFF, 0xFF, 0xC3, 0xFF, 0xFF, 0x81, 0xFF, 0xFF, 0x18, 0xFF, 0xFF, 0x3C, 0xFF,
    0xFF, 0x3C, 0xFF, 0xFF, 0x18, 0xFF, 0xFF, 0x81, 0xFF, 0xFF, 0xC3, 0xFF, 0xFF, 0xE7, 0xFF, 0xFF, 0xE7, 0xFF,
    0xF9, 0xE7, 0xFF, 0xF9, 0xE7, 0xFF, 0xF0, 0x00, 0x0F, 0xE0, 0x00, 0x07, 0xCF, 0xFF, 0xF3, 0xCF, 0xFF, 0xF3,
    0xCF, 0xFF, 0xF3, 0xCF, 0xFF, 0xF3, 0xE0, 0x00, 0x07, 0xF0, 0x00, 0x0F, 0xFF, 0xFF, 0xFF, 0xFF, 0xFF, 0xFF};
static const freeink::Icon icon_games_24 = {24, 24, 13, icon_games_24_bits};
static const uint8_t icon_games_32_bits[] = {
    0xFF, 0xFF, 0xFF, 0xFF, 0xFF, 0xFF, 0xFF, 0xFF, 0xFF, 0xFF, 0xFF, 0xFF, 0xFF, 0xF8, 0x1F, 0xFF, 0xFF, 0xF0, 0x0F,
    0xFF, 0xFF, 0xE1, 0x87, 0xFF, 0xFF, 0xE3, 0xC7, 0xFF, 0xFF, 0xE7, 0xE7, 0xFF, 0xFF, 0xE7, 0xE7, 0xFF, 0xFF, 0xE3,
    0xC7, 0xFF, 0xFF, 0xE1, 0x87, 0xFF, 0xFF, 0xF0, 0x0F, 0xFF, 0xFF, 0xF8, 0x1F, 0xFF, 0xFF, 0xFE, 0x7F, 0xFF, 0xFF,
    0xFE, 0x7F, 0xFF, 0xFF, 0xFE, 0x7F, 0xFF, 0xFE, 0x7E, 0x7F, 0xFF, 0xFE, 0x7E, 0x7F, 0xFF, 0xFE, 0x7E, 0x7F, 0xFF,
    0xF0, 0x00, 0x00, 0x0F, 0xE0, 0x00, 0x00, 0x07, 0xE3, 0xFF, 0xFF, 0xC7, 0xE7, 0xFF, 0xFF, 0xE7, 0xE7, 0xFF, 0xFF,
    0xE7, 0xE7, 0xFF, 0xFF, 0xE7, 0xE7, 0xFF, 0xFF, 0xE7, 0xE3, 0xFF, 0xFF, 0xC7, 0xE0, 0x00, 0x00, 0x07, 0xF0, 0x00,
    0x00, 0x0F, 0xFF, 0xFF, 0xFF, 0xFF, 0xFF, 0xFF, 0xFF, 0xFF, 0xFF, 0xFF, 0xFF, 0xFF};
static const freeink::Icon icon_games_32 = {32, 32, 18, icon_games_32_bits};

// apps  (lucide: layout-grid)
static const uint8_t icon_apps_24_bits[] = {
    0xFF, 0xFF, 0xFF, 0xFF, 0xFF, 0xFF, 0xE0, 0x3C, 0x07, 0xC0, 0x18, 0x03, 0xCF, 0x99, 0xF3, 0xCF, 0x99, 0xF3,
    0xCF, 0x99, 0xF3, 0xCF, 0x99, 0xF3, 0xCF, 0x99, 0xF3, 0xC0, 0x18, 0x03, 0xE0, 0x3C, 0x07, 0xFF, 0xFF, 0xFF,
    0xFF, 0xFF, 0xFF, 0xE0, 0x3C, 0x07, 0xC0, 0x18, 0x03, 0xCF, 0x99, 0xF3, 0xCF, 0x99, 0xF3, 0xCF, 0x99, 0xF3,
    0xCF, 0x99, 0xF3, 0xCF, 0x99, 0xF3, 0xC0, 0x18, 0x03, 0xE0, 0x3C, 0x07, 0xFF, 0xFF, 0xFF, 0xFF, 0xFF, 0xFF};
static const freeink::Icon icon_apps_24 = {24, 24, 12, icon_apps_24_bits};
static const uint8_t icon_apps_32_bits[] = {
    0xFF, 0xFF, 0xFF, 0xFF, 0xFF, 0xFF, 0xFF, 0xFF, 0xFF, 0xFF, 0xFF, 0xFF, 0xF0, 0x03, 0xC0, 0x0F, 0xE0, 0x03, 0xC0,
    0x07, 0xE7, 0xF1, 0x8F, 0xE7, 0xE7, 0xF1, 0x8F, 0xE7, 0xE7, 0xF1, 0x8F, 0xE7, 0xE7, 0xF1, 0x8F, 0xE7, 0xE7, 0xF1,
    0x8F, 0xE7, 0xE7, 0xF1, 0x8F, 0xE7, 0xE7, 0xF1, 0x8F, 0xE7, 0xE0, 0x03, 0xC0, 0x07, 0xE0, 0x03, 0xC0, 0x07, 0xF8,
    0x0F, 0xF0, 0x1F, 0xFF, 0xFF, 0xFF, 0xFF, 0xFF, 0xFF, 0xFF, 0xFF, 0xF8, 0x0F, 0xF0, 0x1F, 0xE0, 0x03, 0xC0, 0x07,
    0xE0, 0x03, 0xC0, 0x07, 0xE7, 0xF1, 0x8F, 0xE7, 0xE7, 0xF1, 0x8F, 0xE7, 0xE7, 0xF1, 0x8F, 0xE7, 0xE7, 0xF1, 0x8F,
    0xE7, 0xE7, 0xF1, 0x8F, 0xE7, 0xE7, 0xF1, 0x8F, 0xE7, 0xE7, 0xF1, 0x8F, 0xE7, 0xE0, 0x03, 0xC0, 0x07, 0xF0, 0x03,
    0xC0, 0x0F, 0xFF, 0xFF, 0xFF, 0xFF, 0xFF, 0xFF, 0xFF, 0xFF, 0xFF, 0xFF, 0xFF, 0xFF};
static const freeink::Icon icon_apps_32 = {32, 32, 16, icon_apps_32_bits};

// opens  (lucide: chevron-right)
static const uint8_t icon_opens_24_bits[] = {
    0xFF, 0xFF, 0xFF, 0xFF, 0xFF, 0xFF, 0xFF, 0xFF, 0xFF, 0xFF, 0xFF, 0xFF, 0xFF, 0xFF, 0xFF, 0xFF, 0x3F, 0xFF,
    0xFF, 0x1F, 0xFF, 0xFF, 0x8F, 0xFF, 0xFF, 0xC7, 0xFF, 0xFF, 0xE3, 0xFF, 0xFF, 0xF1, 0xFF, 0xFF, 0xF8, 0xFF,
    0xFF, 0xF8, 0xFF, 0xFF, 0xF1, 0xFF, 0xFF, 0xE3, 0xFF, 0xFF, 0xC7, 0xFF, 0xFF, 0x8F, 0xFF, 0xFF, 0x1F, 0xFF,
    0xFF, 0x3F, 0xFF, 0xFF, 0xFF, 0xFF, 0xFF, 0xFF, 0xFF, 0xFF, 0xFF, 0xFF, 0xFF, 0xFF, 0xFF, 0xFF, 0xFF, 0xFF};
static const freeink::Icon icon_opens_24 = {24, 24, 12, icon_opens_24_bits};
static const uint8_t icon_opens_32_bits[] = {
    0xFF, 0xFF, 0xFF, 0xFF, 0xFF, 0xFF, 0xFF, 0xFF, 0xFF, 0xFF, 0xFF, 0xFF, 0xFF, 0xFF, 0xFF, 0xFF, 0xFF, 0xFF, 0xFF,
    0xFF, 0xFF, 0xFF, 0xFF, 0xFF, 0xFF, 0xFF, 0xFF, 0xFF, 0xFF, 0xE7, 0xFF, 0xFF, 0xFF, 0xE3, 0xFF, 0xFF, 0xFF, 0xF1,
    0xFF, 0xFF, 0xFF, 0xF8, 0xFF, 0xFF, 0xFF, 0xFC, 0x7F, 0xFF, 0xFF, 0xFE, 0x3F, 0xFF, 0xFF, 0xFF, 0x1F, 0xFF, 0xFF,
    0xFF, 0x8F, 0xFF, 0xFF, 0xFF, 0xC7, 0xFF, 0xFF, 0xFF, 0xC7, 0xFF, 0xFF, 0xFF, 0x8F, 0xFF, 0xFF, 0xFF, 0x1F, 0xFF,
    0xFF, 0xFE, 0x3F, 0xFF, 0xFF, 0xFC, 0x7F, 0xFF, 0xFF, 0xF8, 0xFF, 0xFF, 0xFF, 0xF1, 0xFF, 0xFF, 0xFF, 0xE3, 0xFF,
    0xFF, 0xFF, 0xE7, 0xFF, 0xFF, 0xFF, 0xFF, 0xFF, 0xFF, 0xFF, 0xFF, 0xFF, 0xFF, 0xFF, 0xFF, 0xFF, 0xFF, 0xFF, 0xFF,
    0xFF, 0xFF, 0xFF, 0xFF, 0xFF, 0xFF, 0xFF, 0xFF, 0xFF, 0xFF, 0xFF, 0xFF, 0xFF, 0xFF};
static const freeink::Icon icon_opens_32 = {32, 32, 16, icon_opens_32_bits};

// hackernews  (lucide: newspaper)
static const uint8_t icon_hackernews_24_bits[] = {
    0xFF, 0xFF, 0xFF, 0xFE, 0x00, 0x07, 0xFC, 0x00, 0x03, 0xF9, 0xFF, 0xF9, 0xF9, 0xFF, 0xF9, 0xF9, 0xC0, 0x39,
    0xF9, 0x80, 0x19, 0xF9, 0x9F, 0x99, 0xE1, 0x9F, 0x99, 0xC1, 0x80, 0x19, 0x99, 0xC0, 0x39, 0x99, 0xFF, 0xF9,
    0x99, 0xFF, 0xF9, 0x99, 0x80, 0x19, 0x99, 0x80, 0x19, 0x99, 0xFF, 0xF9, 0x99, 0xFF, 0xF9, 0x99, 0x80, 0xF9,
    0x99, 0x80, 0xF9, 0x99, 0xFF, 0xF9, 0x99, 0xFF, 0xF9, 0xC0, 0x00, 0x03, 0xE0, 0x00, 0x07, 0xFF, 0xFF, 0xFF};
static const freeink::Icon icon_hackernews_24 = {24, 24, 12, icon_hackernews_24_bits};
static const uint8_t icon_hackernews_32_bits[] = {
    0xFF, 0xFF, 0xFF, 0xFF, 0xFF, 0xC0, 0x00, 0x1F, 0xFF, 0x00, 0x00, 0x07, 0xFE, 0x00, 0x00, 0x03, 0xFE, 0x3F, 0xFF,
    0xF3, 0xFE, 0x7F, 0xFF, 0xF1, 0xFE, 0x7F, 0xFF, 0xF1, 0xFE, 0x78, 0x00, 0xF1, 0xFE, 0x70, 0x00, 0x71, 0xFE, 0x71,
    0xFE, 0x71, 0xFE, 0x71, 0xFE, 0x71, 0xE0, 0x71, 0xFE, 0x71, 0xC0, 0x70, 0x00, 0x71, 0xC6, 0x78, 0x00, 0x71, 0x8E,
    0x7C, 0x01, 0xF1, 0x8E, 0x7F, 0xFF, 0xF1, 0x8E, 0x7F, 0xFF, 0xF1, 0x8E, 0x78, 0x00, 0xF1, 0x8E, 0x70, 0x00, 0x71,
    0x8E, 0x70, 0x00, 0x71, 0x8E, 0x7F, 0xFF, 0xF1, 0x8E, 0x7F, 0xFF, 0xF1, 0x8E, 0x7F, 0xFF, 0xF1, 0x8E, 0x70, 0x07,
    0xF1, 0x8E, 0x70, 0x07, 0xF1, 0x8E, 0x7F, 0xFF, 0xF1, 0x8E, 0x7F, 0xFF, 0xF1, 0xCC, 0x7F, 0xFF, 0xF3, 0xC0, 0x00,
    0x00, 0x03, 0xE0, 0x00, 0x00, 0x07, 0xF8, 0x00, 0x00, 0x1F, 0xFF, 0xFF, 0xFF, 0xFF};
static const freeink::Icon icon_hackernews_32 = {32, 32, 16, icon_hackernews_32_bits};

// unreadable  (lucide: eye-off)
static const uint8_t icon_unreadable_24_bits[] = {
    0xFF, 0xFF, 0xFF, 0x9F, 0xFF, 0xFF, 0x8F, 0xFF, 0xFF, 0xC7, 0xFF, 0xFF, 0xE3, 0xC1, 0xFF, 0xF1, 0xC0, 0x3F,
    0xF8, 0xFE, 0x1F, 0xF0, 0x7F, 0x8F, 0xE6, 0x3F, 0xE7, 0xCF, 0x1F, 0xF3, 0xCF, 0x0F, 0xF3, 0x9F, 0x07, 0xF9,
    0x9F, 0x23, 0xF9, 0xCF, 0x11, 0xF3, 0xC7, 0x80, 0xF3, 0xE7, 0xC0, 0x77, 0xF1, 0xFE, 0x3F, 0xF8, 0x7E, 0x1F,
    0xFC, 0x00, 0x0F, 0xFF, 0x81, 0xC7, 0xFF, 0xFF, 0xE3, 0xFF, 0xFF, 0xF1, 0xFF, 0xFF, 0xF9, 0xFF, 0xFF, 0xFF};
static const freeink::Icon icon_unreadable_24 = {24, 24, 12, icon_unreadable_24_bits};
static const uint8_t icon_unreadable_32_bits[] = {
    0xFF, 0xFF, 0xFF, 0xFF, 0xDF, 0xFF, 0xFF, 0xFF, 0x8F, 0xFF, 0xFF, 0xFF, 0xC7, 0xFF, 0xFF, 0xFF, 0xE3, 0xFF, 0xFF,
    0xFF, 0xF1, 0xFE, 0x7F, 0xFF, 0xF8, 0xF8, 0x03, 0xFF, 0xFC, 0x38, 0x00, 0xFF, 0xFC, 0x3F, 0xF0, 0x7F, 0xF8, 0x1F,
    0xFC, 0x3F, 0xF0, 0x0F, 0xFF, 0x0F, 0xF1, 0xC7, 0xFF, 0x8F, 0xE3, 0xE3, 0xFF, 0xC7, 0xC7, 0xE1, 0xFF, 0xE3, 0xC7,
    0xE0, 0xFF, 0xE3, 0x8F, 0xE0, 0x7F, 0xF1, 0x8F, 0xE6, 0x3F, 0xF1, 0xC7, 0xE3, 0x1F, 0xE3, 0xC7, 0xE1, 0x0F, 0xE3,
    0xE3, 0xF0, 0x07, 0xC7, 0xF1, 0xF8, 0x03, 0xCF, 0xF0, 0xFF, 0xF1, 0xFF, 0xF8, 0x3F, 0xF8, 0x7F, 0xFE, 0x0F, 0xF0,
    0x7F, 0xFF, 0x00, 0x00, 0x3F, 0xFF, 0xC0, 0x03, 0x1F, 0xFF, 0xFC, 0x3F, 0x8F, 0xFF, 0xFF, 0xFF, 0xC7, 0xFF, 0xFF,
    0xFF, 0xE3, 0xFF, 0xFF, 0xFF, 0xF1, 0xFF, 0xFF, 0xFF, 0xFB, 0xFF, 0xFF, 0xFF, 0xFF};
static const freeink::Icon icon_unreadable_32 = {32, 32, 16, icon_unreadable_32_bits};

// study  (lucide: languages)
static const uint8_t icon_study_24_bits[] = {
    0xFF, 0xFF, 0xFF, 0xFC, 0x7F, 0xFF, 0xFC, 0x7F, 0xFF, 0xFF, 0xFF, 0xFF, 0x80, 0x01, 0xFF, 0x80, 0x01, 0xFF,
    0xFF, 0xCF, 0xFF, 0xF3, 0x9F, 0xFF, 0xF1, 0x1F, 0xFF, 0xF8, 0x3F, 0xFF, 0xFC, 0x7F, 0xFF, 0xF8, 0x3F, 0x3F,
    0xF1, 0x1F, 0x3F, 0xE3, 0x8E, 0x1F, 0xE7, 0xCE, 0x1F, 0xFF, 0xFC, 0xCF, 0xFF, 0xFC, 0xCF, 0xFF, 0xF8, 0x07,
    0xFF, 0xF8, 0x07, 0xFF, 0xF3, 0xF3, 0xFF, 0xF3, 0xF3, 0xFF, 0xE7, 0xF9, 0xFF, 0xE7, 0xF9, 0xFF, 0xFF, 0xFF};
static const freeink::Icon icon_study_24 = {24, 24, 11, icon_study_24_bits};
static const uint8_t icon_study_32_bits[] = {
    0xFF, 0xFF, 0xFF, 0xFF, 0xFF, 0x9F, 0xFF, 0xFF, 0xFF, 0x0F, 0xFF, 0xFF, 0xFF, 0x0F, 0xFF, 0xFF, 0xFF, 0xFF, 0xFF,
    0xFF, 0xC0, 0x00, 0x1F, 0xFF, 0x80, 0x00, 0x0F, 0xFF, 0xC0, 0x00, 0x0F, 0xFF, 0xFF, 0xF8, 0xFF, 0xFF, 0xFD, 0xF8,
    0xFF, 0xFF, 0xF8, 0xF1, 0xFF, 0xFF, 0xFC, 0x63, 0xFF, 0xFF, 0xFE, 0x07, 0xFF, 0xFF, 0xFF, 0x0F, 0xFF, 0xFF, 0xFF,
    0x0F, 0xFF, 0xFF, 0xFE, 0x07, 0xFC, 0xFF, 0xFC, 0x63, 0xF8, 0xFF, 0xF8, 0xF1, 0xF0, 0x7F, 0xF1, 0xF8, 0xF0, 0x7F,
    0xF3, 0xFC, 0xE2, 0x3F, 0xFF, 0xFF, 0xE2, 0x3F, 0xFF, 0xFF, 0xC7, 0x1F, 0xFF, 0xFF, 0xC7, 0x1F, 0xFF, 0xFF, 0x80,
    0x0F, 0xFF, 0xFF, 0x80, 0x0F, 0xFF, 0xFF, 0x0F, 0xC7, 0xFF, 0xFF, 0x1F, 0xC7, 0xFF, 0xFE, 0x3F, 0xE3, 0xFF, 0xFE,
    0x3F, 0xE3, 0xFF, 0xFE, 0x7F, 0xF1, 0xFF, 0xFF, 0xFF, 0xFB, 0xFF, 0xFF, 0xFF, 0xFF};
static const freeink::Icon icon_study_32 = {32, 32, 15, icon_study_32_bits};

// dungeon  (lucide: map)
static const uint8_t icon_dungeon_24_bits[] = {
    0xFF, 0xFF, 0xFF, 0xFF, 0xFF, 0xFF, 0xFF, 0x3F, 0xFF, 0xFC, 0x0F, 0xC7, 0xF0, 0x03, 0x03, 0xE3, 0x30, 0x33,
    0xCF, 0x3C, 0xF3, 0xCF, 0x3C, 0xF3, 0xCF, 0x3C, 0xF3, 0xCF, 0x3C, 0xF3, 0xCF, 0x3C, 0xF3, 0xCF, 0x3C, 0xF3,
    0xCF, 0x3C, 0xF3, 0xCF, 0x3C, 0xF3, 0xCF, 0x3C, 0xF3, 0xCF, 0x3C, 0xF3, 0xCF, 0x3C, 0xF3, 0xCF, 0x3C, 0xF3,
    0xCC, 0x0C, 0xC7, 0xC0, 0xC0, 0x0F, 0xE3, 0xF0, 0x3F, 0xFF, 0xFC, 0xFF, 0xFF, 0xFF, 0xFF, 0xFF, 0xFF, 0xFF};
static const freeink::Icon icon_dungeon_24 = {24, 24, 12, icon_dungeon_24_bits};
static const uint8_t icon_dungeon_32_bits[] = {
    0xFF, 0xFF, 0xFF, 0xFF, 0xFF, 0xFF, 0xFF, 0xFF, 0xFF, 0xFF, 0xFF, 0xFF, 0xFF, 0xC3, 0xFF, 0xFF, 0xFF, 0x00, 0xFF,
    0x07, 0xFC, 0x00, 0x3C, 0x07, 0xF0, 0x24, 0x00, 0x27, 0xE0, 0xE7, 0x00, 0xE7, 0xE3, 0xE7, 0xC3, 0xE7, 0xE7, 0xE7,
    0xE7, 0xE7, 0xE7, 0xE7, 0xE7, 0xE7, 0xE7, 0xE7, 0xE7, 0xE7, 0xE7, 0xE7, 0xE7, 0xE7, 0xE7, 0xE7, 0xE7, 0xE7, 0xE7,
    0xE7, 0xE7, 0xE7, 0xE7, 0xE7, 0xE7, 0xE7, 0xE7, 0xE7, 0xE7, 0xE7, 0xE7, 0xE7, 0xE7, 0xE7, 0xE7, 0xE7, 0xE7, 0xE7,
    0xE7, 0xE7, 0xE7, 0xE7, 0xE7, 0xE7, 0xE7, 0xE7, 0xE7, 0xE7, 0xE7, 0xE7, 0xE7, 0xE7, 0xE7, 0xE7, 0xE7, 0xC3, 0xE7,
    0xC7, 0xE7, 0x00, 0xE7, 0x07, 0xE4, 0x00, 0x24, 0x0F, 0xE0, 0x3C, 0x00, 0x3F, 0xE0, 0xFF, 0x00, 0xFF, 0xFF, 0xFF,
    0xC3, 0xFF, 0xFF, 0xFF, 0xFF, 0xFF, 0xFF, 0xFF, 0xFF, 0xFF, 0xFF, 0xFF, 0xFF, 0xFF};
static const freeink::Icon icon_dungeon_32 = {32, 32, 16, icon_dungeon_32_bits};

// insider  (lucide: venetian-mask)
static const uint8_t icon_insider_24_bits[] = {
    0xFF, 0xFF, 0xFF, 0xFF, 0xFF, 0xFF, 0xFF, 0xFF, 0xFF, 0xFF, 0xFF, 0xFF, 0xFF, 0xFF, 0xFF, 0xE0, 0x7E, 0x07,
    0xC0, 0x00, 0x03, 0x9F, 0x81, 0xF9, 0x9F, 0xE7, 0xF9, 0x9F, 0xFF, 0xF9, 0x98, 0xFF, 0x19, 0x98, 0x7E, 0x19,
    0x9F, 0x3C, 0xF9, 0x9F, 0x3C, 0xF9, 0xCF, 0xFF, 0xF3, 0xC7, 0xFF, 0xE3, 0xE0, 0x7E, 0x07, 0xF8, 0x00, 0x1F,
    0xFF, 0x81, 0xFF, 0xFF, 0xE7, 0xFF, 0xFF, 0xFF, 0xFF, 0xFF, 0xFF, 0xFF, 0xFF, 0xFF, 0xFF, 0xFF, 0xFF, 0xFF};
static const freeink::Icon icon_insider_24 = {24, 24, 11, icon_insider_24_bits};
static const uint8_t icon_insider_32_bits[] = {
    0xFF, 0xFF, 0xFF, 0xFF, 0xFF, 0xFF, 0xFF, 0xFF, 0xFF, 0xFF, 0xFF, 0xFF, 0xFF, 0xFF, 0xFF, 0xFF, 0xFF, 0xFF, 0xFF,
    0xFF, 0xFF, 0xFF, 0xFF, 0xFF, 0xFF, 0xFF, 0xFF, 0xFF, 0xE0, 0x07, 0xE0, 0x07, 0xC0, 0x01, 0x80, 0x03, 0xC7, 0xE0,
    0x07, 0xE3, 0x8F, 0xFC, 0x3F, 0xF1, 0x8F, 0xFE, 0x7F, 0xF1, 0x8F, 0xFF, 0xFF, 0xF1, 0x8F, 0x7F, 0xFE, 0xF1, 0x8E,
    0x0F, 0xF0, 0x71, 0x8E, 0x0F, 0xF0, 0x71, 0x8F, 0xC7, 0xE3, 0xF1, 0xCF, 0xE7, 0xE7, 0xF3, 0xC7, 0xFF, 0xFF, 0xE3,
    0xC7, 0xFF, 0xFF, 0xE3, 0xE3, 0xFF, 0xFF, 0xC7, 0xF0, 0x3F, 0xFC, 0x0F, 0xF8, 0x03, 0xC0, 0x1F, 0xFE, 0x00, 0x00,
    0x7F, 0xFF, 0xF0, 0x0F, 0xFF, 0xFF, 0xFC, 0x3F, 0xFF, 0xFF, 0xFF, 0xFF, 0xFF, 0xFF, 0xFF, 0xFF, 0xFF, 0xFF, 0xFF,
    0xFF, 0xFF, 0xFF, 0xFF, 0xFF, 0xFF, 0xFF, 0xFF, 0xFF, 0xFF, 0xFF, 0xFF, 0xFF, 0xFF};
static const freeink::Icon icon_insider_32 = {32, 32, 15, icon_insider_32_bits};

// jaipur  (lucide: gem)
static const uint8_t icon_jaipur_24_bits[] = {
    0xFF, 0xFF, 0xFF, 0xFF, 0xFF, 0xFF, 0xFC, 0x00, 0x3F, 0xF0, 0x00, 0x0F, 0xF3, 0x99, 0xCF, 0xE7, 0x3C, 0xE7,
    0xC7, 0x3C, 0xE3, 0xCF, 0x3C, 0xF3, 0x80, 0x00, 0x01, 0x80, 0x00, 0x01, 0xCE, 0x7E, 0x73, 0xC7, 0x3C, 0xE3,
    0xE7, 0x3C, 0xE7, 0xF3, 0x3C, 0xCF, 0xF1, 0x99, 0x8F, 0xF9, 0x99, 0x9F, 0xFC, 0x99, 0x3F, 0xFE, 0x42, 0x7F,
    0xFE, 0x00, 0x7F, 0xFF, 0x00, 0xFF, 0xFF, 0x81, 0xFF, 0xFF, 0x81, 0xFF, 0xFF, 0xE7, 0xFF, 0xFF, 0xFF, 0xFF};
static const freeink::Icon icon_jaipur_24 = {24, 24, 11, icon_jaipur_24_bits};
static const uint8_t icon_jaipur_32_bits[] = {
    0xFF, 0xFF, 0xFF, 0xFF, 0xFF, 0xFF, 0xFF, 0xFF, 0xFF, 0xFF, 0xFF, 0xFF, 0xFE, 0x00, 0x00, 0x7F, 0xFC, 0x00, 0x00,
    0x3F, 0xF8, 0x71, 0x8E, 0x1F, 0xF8, 0xF3, 0xCF, 0x1F, 0xF1, 0xE3, 0xC7, 0x8F, 0xE3, 0xE7, 0xE7, 0xC7, 0xC7, 0xC7,
    0xE3, 0xE3, 0xC7, 0xC7, 0xE3, 0xE3, 0x80, 0x00, 0x00, 0x01, 0x80, 0x00, 0x00, 0x01, 0xC7, 0xC7, 0xE3, 0xE3, 0xC7,
    0xC7, 0xE3, 0xE3, 0xE3, 0xC7, 0xE3, 0xC7, 0xF1, 0xE7, 0xE7, 0x8F, 0xF0, 0xE3, 0xC7, 0x0F, 0xF8, 0xE3, 0xC7, 0x1F,
    0xFC, 0x73, 0xCE, 0x3F, 0xFE, 0x31, 0x8C, 0x7F, 0xFE, 0x11, 0x88, 0x7F, 0xFF, 0x19, 0x98, 0xFF, 0xFF, 0x88, 0x11,
    0xFF, 0xFF, 0xC0, 0x03, 0xFF, 0xFF, 0xC0, 0x03, 0xFF, 0xFF, 0xE0, 0x07, 0xFF, 0xFF, 0xF0, 0x0F, 0xFF, 0xFF, 0xF0,
    0x0F, 0xFF, 0xFF, 0xF8, 0x1F, 0xFF, 0xFF, 0xFE, 0x7F, 0xFF, 0xFF, 0xFF, 0xFF, 0xFF};
static const freeink::Icon icon_jaipur_32 = {32, 32, 15, icon_jaipur_32_bits};

// xkcd  (lucide: gallery-vertical-end)
static const uint8_t icon_xkcd_24_bits[] = {
    0xFF, 0xFF, 0xFF, 0xFC, 0x00, 0x3F, 0xFC, 0x00, 0x3F, 0xFF, 0xFF, 0xFF, 0xFF, 0xFF, 0xFF, 0xF0, 0x00, 0x0F,
    0xF0, 0x00, 0x0F, 0xFF, 0xFF, 0xFF, 0xFF, 0xFF, 0xFF, 0xF0, 0x00, 0x0F, 0xE0, 0x00, 0x07, 0xCF, 0xFF, 0xF3,
    0xCF, 0xFF, 0xF3, 0xCF, 0xFF, 0xF3, 0xCF, 0xFF, 0xF3, 0xCF, 0xFF, 0xF3, 0xCF, 0xFF, 0xF3, 0xCF, 0xFF, 0xF3,
    0xCF, 0xFF, 0xF3, 0xCF, 0xFF, 0xF3, 0xCF, 0xFF, 0xF3, 0xE0, 0x00, 0x07, 0xF0, 0x00, 0x0F, 0xFF, 0xFF, 0xFF};
static const freeink::Icon icon_xkcd_24 = {24, 24, 12, icon_xkcd_24_bits};
static const uint8_t icon_xkcd_32_bits[] = {
    0xFF, 0xFF, 0xFF, 0xFF, 0xFF, 0x80, 0x01, 0xFF, 0xFF, 0x00, 0x00, 0xFF, 0xFF, 0x00, 0x00, 0xFF, 0xFF, 0xFF, 0xFF,
    0xFF, 0xFF, 0xFF, 0xFF, 0xFF, 0xFF, 0xFF, 0xFF, 0xFF, 0xFC, 0x00, 0x00, 0x3F, 0xFC, 0x00, 0x00, 0x3F, 0xFF, 0xFF,
    0xFF, 0xFF, 0xFF, 0xFF, 0xFF, 0xFF, 0xFF, 0xFF, 0xFF, 0xFF, 0xF8, 0x00, 0x00, 0x1F, 0xF0, 0x00, 0x00, 0x0F, 0xE0,
    0x00, 0x00, 0x07, 0xE7, 0xFF, 0xFF, 0xE7, 0xE7, 0xFF, 0xFF, 0xE7, 0xE7, 0xFF, 0xFF, 0xE7, 0xE7, 0xFF, 0xFF, 0xE7,
    0xE7, 0xFF, 0xFF, 0xE7, 0xE7, 0xFF, 0xFF, 0xE7, 0xE7, 0xFF, 0xFF, 0xE7, 0xE7, 0xFF, 0xFF, 0xE7, 0xE7, 0xFF, 0xFF,
    0xE7, 0xE7, 0xFF, 0xFF, 0xE7, 0xE7, 0xFF, 0xFF, 0xE7, 0xE7, 0xFF, 0xFF, 0xE7, 0xE3, 0xFF, 0xFF, 0xC7, 0xE0, 0x00,
    0x00, 0x07, 0xF0, 0x00, 0x00, 0x0F, 0xFC, 0x00, 0x00, 0x3F, 0xFF, 0xFF, 0xFF, 0xFF};
static const freeink::Icon icon_xkcd_32 = {32, 32, 16, icon_xkcd_32_bits};

// readingstats  (lucide: chart-no-axes-column)
static const uint8_t icon_readingstats_24_bits[] = {
    0xFF, 0xFF, 0xFF, 0xFF, 0xFF, 0xFF, 0xFF, 0xE7, 0xFF, 0xFF, 0xE7, 0xFF, 0xFF, 0xE7, 0xFF, 0xFF, 0xE7, 0xFF,
    0xFF, 0xE7, 0xFF, 0xFF, 0xE7, 0xFF, 0xFF, 0xE7, 0xCF, 0xFF, 0xE7, 0xCF, 0xFF, 0xE7, 0xCF, 0xFF, 0xE7, 0xCF,
    0xFF, 0xE7, 0xCF, 0xFF, 0xE7, 0xCF, 0xF3, 0xE7, 0xCF, 0xF3, 0xE7, 0xCF, 0xF3, 0xE7, 0xCF, 0xF3, 0xE7, 0xCF,
    0xF3, 0xE7, 0xCF, 0xF3, 0xE7, 0xCF, 0xF3, 0xE7, 0xCF, 0xF3, 0xE7, 0xCF, 0xFF, 0xFF, 0xFF, 0xFF, 0xFF, 0xFF};
static const freeink::Icon icon_readingstats_24 = {24, 24, 14, icon_readingstats_24_bits};
static const uint8_t icon_readingstats_32_bits[] = {
    0xFF, 0xFF, 0xFF, 0xFF, 0xFF, 0xFF, 0xFF, 0xFF, 0xFF, 0xFF, 0xFF, 0xFF, 0xFF, 0xFE, 0x7F, 0xFF, 0xFF, 0xFE, 0x7F,
    0xFF, 0xFF, 0xFE, 0x7F, 0xFF, 0xFF, 0xFE, 0x7F, 0xFF, 0xFF, 0xFE, 0x7F, 0xFF, 0xFF, 0xFE, 0x7F, 0xFF, 0xFF, 0xFE,
    0x7F, 0xFF, 0xFF, 0xFE, 0x7F, 0xFF, 0xFF, 0xFE, 0x7F, 0x3F, 0xFF, 0xFE, 0x7F, 0x1F, 0xFF, 0xFE, 0x7F, 0x1F, 0xFF,
    0xFE, 0x7F, 0x1F, 0xFF, 0xFE, 0x7F, 0x1F, 0xFF, 0xFE, 0x7F, 0x1F, 0xFF, 0xFE, 0x7F, 0x1F, 0xFF, 0xFE, 0x7F, 0x1F,
    0xFC, 0xFE, 0x7F, 0x1F, 0xF8, 0xFE, 0x7F, 0x1F, 0xF8, 0xFE, 0x7F, 0x1F, 0xF8, 0xFE, 0x7F, 0x1F, 0xF8, 0xFE, 0x7F,
    0x1F, 0xF8, 0xFE, 0x7F, 0x1F, 0xF8, 0xFE, 0x7F, 0x1F, 0xF8, 0xFE, 0x7F, 0x1F, 0xF8, 0xFE, 0x7F, 0x1F, 0xFC, 0xFE,
    0x7F, 0x3F, 0xFF, 0xFF, 0xFF, 0xFF, 0xFF, 0xFF, 0xFF, 0xFF, 0xFF, 0xFF, 0xFF, 0xFF};
static const freeink::Icon icon_readingstats_32 = {32, 32, 19, icon_readingstats_32_bits};

// murdle  (lucide: footprints)
static const uint8_t icon_murdle_24_bits[] = {
    0xFF, 0xFF, 0xFF, 0xFC, 0x7F, 0xFF, 0xF0, 0x3F, 0xFF, 0xE3, 0x1F, 0xFF, 0xE7, 0x9F, 0xFF, 0xCF, 0x9E, 0x3F,
    0xCF, 0x9C, 0x0F, 0xCF, 0x99, 0xC7, 0xCF, 0x39, 0xE7, 0xCF, 0x39, 0xF3, 0xCF, 0x39, 0xF3, 0xE6, 0x79, 0xF3,
    0xE0, 0x7C, 0xF3, 0xE0, 0x7C, 0xF3, 0xE6, 0x7C, 0xF3, 0xE6, 0x7E, 0x67, 0xE6, 0x7E, 0x07, 0xF0, 0xFE, 0x07,
    0xF9, 0xFE, 0x67, 0xFF, 0xFE, 0x67, 0xFF, 0xFE, 0x67, 0xFF, 0xFF, 0x0F, 0xFF, 0xFF, 0x9F, 0xFF, 0xFF, 0xFF};
static const freeink::Icon icon_murdle_24 = {24, 24, 11, icon_murdle_24_bits};
static const uint8_t icon_murdle_32_bits[] = {
    0xFF, 0xFF, 0xFF, 0xFF, 0xFF, 0x9F, 0xFF, 0xFF, 0xFC, 0x07, 0xFF, 0xFF, 0xF8, 0x03, 0xFF, 0xFF, 0xF8, 0xE3, 0xFF,
    0xFF, 0xF1, 0xF3, 0xFF, 0xFF, 0xF3, 0xF1, 0xFF, 0xFF, 0xE3, 0xF1, 0xF0, 0x7F, 0xE3, 0xF1, 0xE0, 0x3F, 0xE7, 0xF3,
    0xC6, 0x1F, 0xE7, 0xF3, 0xCF, 0x8F, 0xE7, 0xE3, 0xCF, 0x8F, 0xE7, 0xE3, 0x8F, 0xC7, 0xE3, 0xE7, 0x8F, 0xC7, 0xE3,
    0xC7, 0xCF, 0xE7, 0xF3, 0xC7, 0xCF, 0xE7, 0xF0, 0x0F, 0xC7, 0xE7, 0xF0, 0x0F, 0xC7, 0xE7, 0xF0, 0x0F, 0xE7, 0xC7,
    0xF1, 0x8F, 0xE3, 0xC7, 0xF1, 0x8F, 0xE3, 0xCF, 0xF1, 0x8F, 0xF0, 0x0F, 0xF1, 0x8F, 0xF0, 0x0F, 0xF8, 0x1F, 0xF0,
    0x0F, 0xFC, 0x3F, 0xF1, 0x8F, 0xFF, 0xFF, 0xF1, 0x8F, 0xFF, 0xFF, 0xF1, 0x8F, 0xFF, 0xFF, 0xF1, 0x8F, 0xFF, 0xFF,
    0xF8, 0x1F, 0xFF, 0xFF, 0xF8, 0x1F, 0xFF, 0xFF, 0xFF, 0xFF, 0xFF, 0xFF, 0xFF, 0xFF};
static const freeink::Icon icon_murdle_32 = {32, 32, 16, icon_murdle_32_bits};

// murdle_suspects  (lucide: user)
static const uint8_t icon_murdle_suspects_24_bits[] = {
    0xFF, 0xFF, 0xFF, 0xFF, 0xFF, 0xFF, 0xFF, 0xC3, 0xFF, 0xFF, 0x81, 0xFF, 0xFF, 0x3C, 0xFF, 0xFE, 0x7E, 0x7F,
    0xFE, 0x7E, 0x7F, 0xFE, 0x7E, 0x7F, 0xFE, 0x7E, 0x7F, 0xFF, 0x3C, 0xFF, 0xFF, 0x81, 0xFF, 0xFF, 0xC3, 0xFF,
    0xFF, 0xFF, 0xFF, 0xFF, 0xFF, 0xFF, 0xFE, 0x00, 0x7F, 0xFC, 0x00, 0x3F, 0xF9, 0xFF, 0x9F, 0xF3, 0xFF, 0xCF,
    0xF3, 0xFF, 0xCF, 0xF3, 0xFF, 0xCF, 0xF3, 0xFF, 0xCF, 0xF3, 0xFF, 0xCF, 0xFF, 0xFF, 0xFF, 0xFF, 0xFF, 0xFF};
static const freeink::Icon icon_murdle_suspects_24 = {24, 24, 12, icon_murdle_suspects_24_bits};
static const uint8_t icon_murdle_suspects_32_bits[] = {
    0xFF, 0xFF, 0xFF, 0xFF, 0xFF, 0xFF, 0xFF, 0xFF, 0xFF, 0xFF, 0xFF, 0xFF, 0xFF, 0xF8, 0x1F, 0xFF, 0xFF, 0xF0, 0x0F,
    0xFF, 0xFF, 0xE1, 0x87, 0xFF, 0xFF, 0xC7, 0xE3, 0xFF, 0xFF, 0xCF, 0xF3, 0xFF, 0xFF, 0x8F, 0xF1, 0xFF, 0xFF, 0x8F,
    0xF1, 0xFF, 0xFF, 0xCF, 0xF3, 0xFF, 0xFF, 0xC7, 0xE3, 0xFF, 0xFF, 0xC3, 0xC3, 0xFF, 0xFF, 0xE0, 0x07, 0xFF, 0xFF,
    0xF0, 0x0F, 0xFF, 0xFF, 0xFC, 0x3F, 0xFF, 0xFF, 0xFF, 0xFF, 0xFF, 0xFF, 0xFF, 0xFF, 0xFF, 0xFF, 0xFF, 0xFF, 0xFF,
    0xFF, 0x80, 0x01, 0xFF, 0xFF, 0x00, 0x00, 0xFF, 0xFE, 0x1F, 0xF8, 0x7F, 0xFC, 0x7F, 0xFE, 0x3F, 0xFC, 0xFF, 0xFF,
    0x3F, 0xF8, 0xFF, 0xFF, 0x1F, 0xF8, 0xFF, 0xFF, 0x1F, 0xF8, 0xFF, 0xFF, 0x1F, 0xF8, 0xFF, 0xFF, 0x1F, 0xFC, 0xFF,
    0xFF, 0x3F, 0xFF, 0xFF, 0xFF, 0xFF, 0xFF, 0xFF, 0xFF, 0xFF, 0xFF, 0xFF, 0xFF, 0xFF};
static const freeink::Icon icon_murdle_suspects_32 = {32, 32, 15, icon_murdle_suspects_32_bits};

// murdle_weapons  (lucide: hammer)
static const uint8_t icon_murdle_weapons_24_bits[] = {
    0xFF, 0xFF, 0xFF, 0xFF, 0xFF, 0xFF, 0xFF, 0x01, 0xFF, 0xFF, 0x00, 0x7F, 0xFF, 0x8E, 0x3F, 0xFF, 0xCF, 0x1F,
    0xFF, 0xE7, 0x8F, 0xFF, 0xE7, 0xCF, 0xFF, 0xE7, 0xCF, 0xFF, 0xC7, 0xC7, 0xFF, 0x83, 0xE1, 0xFF, 0x10, 0x71,
    0xFE, 0x38, 0x23, 0xFC, 0x71, 0x07, 0xF8, 0xE3, 0x8F, 0xF1, 0xC7, 0x9F, 0xE3, 0x8F, 0xFF, 0xC7, 0x1F, 0xFF,
    0x8E, 0x3F, 0xFF, 0x9C, 0x7F, 0xFF, 0x98, 0xFF, 0xFF, 0xC1, 0xFF, 0xFF, 0xE3, 0xFF, 0xFF, 0xFF, 0xFF, 0xFF};
static const freeink::Icon icon_murdle_weapons_24 = {24, 24, 12, icon_murdle_weapons_24_bits};
static const uint8_t icon_murdle_weapons_32_bits[] = {
    0xFF, 0xFF, 0xFF, 0xFF, 0xFF, 0xFF, 0xFF, 0xFF, 0xFF, 0xFF, 0xFF, 0xFF, 0xFF, 0xE0, 0x0F, 0xFF, 0xFF, 0xE0, 0x03,
    0xFF, 0xFF, 0xF0, 0xC1, 0xFF, 0xFF, 0xF8, 0xF8, 0xFF, 0xFF, 0xFC, 0xFC, 0x7F, 0xFF, 0xFC, 0x7E, 0x3F, 0xFF, 0xFC,
    0x7F, 0x3F, 0xFF, 0xFE, 0x7F, 0x1F, 0xFF, 0xFC, 0x7F, 0x1F, 0xFF, 0xFC, 0x7F, 0x0F, 0xFF, 0xF8, 0x3F, 0x83, 0xFF,
    0xF0, 0x1F, 0xC1, 0xFF, 0xE3, 0x03, 0xE3, 0xFF, 0xC7, 0x80, 0xC3, 0xFF, 0x8F, 0x80, 0x0F, 0xFF, 0x1F, 0x1C, 0x1F,
    0xFE, 0x3E, 0x3E, 0x3F, 0xFC, 0x7C, 0x7E, 0x3F, 0xF8, 0xF8, 0xFF, 0xFF, 0xF1, 0xF1, 0xFF, 0xFF, 0xE3, 0xE3, 0xFF,
    0xFF, 0xC7, 0xC7, 0xFF, 0xFF, 0xCF, 0x8F, 0xFF, 0xFF, 0x8F, 0x1F, 0xFF, 0xFF, 0xCE, 0x3F, 0xFF, 0xFF, 0xC0, 0x7F,
    0xFF, 0xFF, 0xE0, 0xFF, 0xFF, 0xFF, 0xFB, 0xFF, 0xFF, 0xFF, 0xFF, 0xFF, 0xFF, 0xFF};
static const freeink::Icon icon_murdle_weapons_32 = {32, 32, 15, icon_murdle_weapons_32_bits};

// murdle_places  (lucide: map-pin)
static const uint8_t icon_murdle_places_24_bits[] = {
    0xFF, 0xFF, 0xFF, 0xFF, 0x81, 0xFF, 0xFE, 0x00, 0x7F, 0xFC, 0x7E, 0x3F, 0xF8, 0xFF, 0x1F, 0xF1, 0xFF, 0x8F,
    0xF3, 0xC3, 0xCF, 0xE7, 0x81, 0xE7, 0xE7, 0x18, 0xE7, 0xE7, 0x3C, 0xE7, 0xE7, 0x3C, 0xE7, 0xE7, 0x18, 0xE7,
    0xE7, 0x81, 0xE7, 0xF3, 0xC3, 0xCF, 0xF3, 0xFF, 0xCF, 0xF9, 0xFF, 0x9F, 0xF8, 0xFF, 0x1F, 0xFC, 0x7E, 0x3F,
    0xFE, 0x7E, 0x7F, 0xFF, 0x3C, 0xFF, 0xFF, 0x99, 0xFF, 0xFF, 0xC3, 0xFF, 0xFF, 0xE7, 0xFF, 0xFF, 0xFF, 0xFF};
static const freeink::Icon icon_murdle_places_24 = {24, 24, 10, icon_murdle_places_24_bits};
static const uint8_t icon_murdle_places_32_bits[] = {
    0xFF, 0xFF, 0xFF, 0xFF, 0xFF, 0xFE, 0x7F, 0xFF, 0xFF, 0xE0, 0x07, 0xFF, 0xFF, 0x80, 0x01, 0xFF, 0xFF, 0x07, 0xE0,
    0xFF, 0xFE, 0x1F, 0xF8, 0x7F, 0xFC, 0x3F, 0xFC, 0x3F, 0xFC, 0x7F, 0xFE, 0x3F, 0xF8, 0xFC, 0x3F, 0x1F, 0xF9, 0xF0,
    0x0F, 0x9F, 0xF1, 0xF0, 0x0F, 0x8F, 0xF1, 0xE3, 0xC7, 0x8F, 0xF1, 0xE7, 0xE7, 0x8F, 0xF1, 0xE7, 0xE7, 0x8F, 0xF1,
    0xE3, 0xC7, 0x8F, 0xF1, 0xE3, 0xC7, 0x8F, 0xF9, 0xF0, 0x0F, 0x9F, 0xF8, 0xF8, 0x1F, 0x1F, 0xF8, 0xFE, 0x7F, 0x1F,
    0xFC, 0x7F, 0xFE, 0x3F, 0xFC, 0x7F, 0xFE, 0x3F, 0xFE, 0x3F, 0xFC, 0x7F, 0xFF, 0x1F, 0xF8, 0xFF, 0xFF, 0x1F, 0xF8,
    0xFF, 0xFF, 0x8F, 0xF1, 0xFF, 0xFF, 0xC7, 0xE3, 0xFF, 0xFF, 0xE3, 0xC7, 0xFF, 0xFF, 0xF1, 0x8F, 0xFF, 0xFF, 0xF8,
    0x1F, 0xFF, 0xFF, 0xFC, 0x3F, 0xFF, 0xFF, 0xFF, 0xFF, 0xFF, 0xFF, 0xFF, 0xFF, 0xFF};
static const freeink::Icon icon_murdle_places_32 = {32, 32, 14, icon_murdle_places_32_bits};

// murdle_motives  (lucide: heart)
static const uint8_t icon_murdle_motives_24_bits[] = {
    0xFF, 0xFF, 0xFF, 0xFF, 0xFF, 0xFF, 0xFF, 0xFF, 0xFF, 0xF8, 0x3C, 0x1F, 0xF0, 0x18, 0x07, 0xE7, 0xC3, 0xE3,
    0xCF, 0xE7, 0xF3, 0x9F, 0xFF, 0xF9, 0x9F, 0xFF, 0xF9, 0x9F, 0xFF, 0xF9, 0x9F, 0xFF, 0xF9, 0x9F, 0xFF, 0xF9,
    0xCF, 0xFF, 0xF3, 0xC7, 0xFF, 0xE3, 0xE3, 0xFF, 0xC7, 0xF1, 0xFF, 0x8F, 0xF8, 0xFF, 0x1F, 0xFC, 0x7E, 0x3F,
    0xFE, 0x3C, 0x7F, 0xFF, 0x18, 0xFF, 0xFF, 0x81, 0xFF, 0xFF, 0xE7, 0xFF, 0xFF, 0xFF, 0xFF, 0xFF, 0xFF, 0xFF};
static const freeink::Icon icon_murdle_motives_24 = {24, 24, 11, icon_murdle_motives_24_bits};
static const uint8_t icon_murdle_motives_32_bits[] = {
    0xFF, 0xFF, 0xFF, 0xFF, 0xFF, 0xFF, 0xFF, 0xFF, 0xFF, 0xFF, 0xFF, 0xFF, 0xFF, 0xFF, 0xFF, 0xFF, 0xFE, 0x07, 0xE0,
    0x7F, 0xF8, 0x01, 0x80, 0x1F, 0xF0, 0x00, 0x00, 0x0F, 0xE1, 0xF8, 0x1F, 0x87, 0xC3, 0xFC, 0x3F, 0xC3, 0xC7, 0xFF,
    0xFF, 0xE3, 0xCF, 0xFF, 0xFF, 0xF3, 0x8F, 0xFF, 0xFF, 0xF3, 0x8F, 0xFF, 0xFF, 0xF1, 0x8F, 0xFF, 0xFF, 0xF1, 0xCF,
    0xFF, 0xFF, 0xF3, 0xC7, 0xFF, 0xFF, 0xE3, 0xC7, 0xFF, 0xFF, 0xE3, 0xE3, 0xFF, 0xFF, 0xC7, 0xF1, 0xFF, 0xFF, 0x8F,
    0xF0, 0xFF, 0xFF, 0x0F, 0xF8, 0x7F, 0xFE, 0x1F, 0xFC, 0x3F, 0xFC, 0x3F, 0xFE, 0x1F, 0xF8, 0x7F, 0xFF, 0x0F, 0xF0,
    0xFF, 0xFF, 0x87, 0xE1, 0xFF, 0xFF, 0xE3, 0xC3, 0xFF, 0xFF, 0xF1, 0x8F, 0xFF, 0xFF, 0xF8, 0x1F, 0xFF, 0xFF, 0xFC,
    0x3F, 0xFF, 0xFF, 0xFF, 0xFF, 0xFF, 0xFF, 0xFF, 0xFF, 0xFF, 0xFF, 0xFF, 0xFF, 0xFF};
static const freeink::Icon icon_murdle_motives_32 = {32, 32, 14, icon_murdle_motives_32_bits};

// murdle_face_clues  (lucide: list)
static const uint8_t icon_murdle_face_clues_24_bits[] = {
    0xFF, 0xFF, 0xFF, 0xFF, 0xFF, 0xFF, 0xFF, 0xFF, 0xFF, 0xFF, 0xFF, 0xFF, 0xCE, 0x00, 0x03, 0xCE, 0x00, 0x03,
    0xFF, 0xFF, 0xFF, 0xFF, 0xFF, 0xFF, 0xFF, 0xFF, 0xFF, 0xFF, 0xFF, 0xFF, 0xFF, 0xFF, 0xFF, 0xCE, 0x00, 0x03,
    0xCE, 0x00, 0x03, 0xFF, 0xFF, 0xFF, 0xFF, 0xFF, 0xFF, 0xFF, 0xFF, 0xFF, 0xFF, 0xFF, 0xFF, 0xFF, 0xFF, 0xFF,
    0xCE, 0x00, 0x03, 0xCE, 0x00, 0x03, 0xFF, 0xFF, 0xFF, 0xFF, 0xFF, 0xFF, 0xFF, 0xFF, 0xFF, 0xFF, 0xFF, 0xFF};
static const freeink::Icon icon_murdle_face_clues_24 = {24, 24, 12, icon_murdle_face_clues_24_bits};
static const uint8_t icon_murdle_face_clues_32_bits[] = {
    0xFF, 0xFF, 0xFF, 0xFF, 0xFF, 0xFF, 0xFF, 0xFF, 0xFF, 0xFF, 0xFF, 0xFF, 0xFF, 0xFF, 0xFF, 0xFF, 0xFF, 0xFF, 0xFF,
    0xFF, 0xFF, 0xC0, 0x00, 0x0F, 0xE7, 0x80, 0x00, 0x07, 0xE7, 0xC0, 0x00, 0x07, 0xFF, 0xFF, 0xFF, 0xFF, 0xFF, 0xFF,
    0xFF, 0xFF, 0xFF, 0xFF, 0xFF, 0xFF, 0xFF, 0xFF, 0xFF, 0xFF, 0xFF, 0xFF, 0xFF, 0xFF, 0xFF, 0xFF, 0xFF, 0xFF, 0xFF,
    0xFF, 0xFF, 0xFF, 0xE7, 0xC0, 0x00, 0x07, 0xE7, 0xC0, 0x00, 0x07, 0xFF, 0xFF, 0xFF, 0xFF, 0xFF, 0xFF, 0xFF, 0xFF,
    0xFF, 0xFF, 0xFF, 0xFF, 0xFF, 0xFF, 0xFF, 0xFF, 0xFF, 0xFF, 0xFF, 0xFF, 0xFF, 0xFF, 0xFF, 0xFF, 0xFF, 0xFF, 0xFF,
    0xFF, 0xE7, 0xC0, 0x00, 0x07, 0xE7, 0x80, 0x00, 0x07, 0xFF, 0xC0, 0x00, 0x0F, 0xFF, 0xFF, 0xFF, 0xFF, 0xFF, 0xFF,
    0xFF, 0xFF, 0xFF, 0xFF, 0xFF, 0xFF, 0xFF, 0xFF, 0xFF, 0xFF, 0xFF, 0xFF, 0xFF, 0xFF};
static const freeink::Icon icon_murdle_face_clues_32 = {32, 32, 16, icon_murdle_face_clues_32_bits};

// murdle_face_grid  (lucide: grid-2x2)
static const uint8_t icon_murdle_face_grid_24_bits[] = {
    0xFF, 0xFF, 0xFF, 0xFF, 0xFF, 0xFF, 0xF0, 0x00, 0x0F, 0xE0, 0x00, 0x07, 0xCF, 0xE7, 0xF3, 0xCF, 0xE7, 0xF3,
    0xCF, 0xE7, 0xF3, 0xCF, 0xE7, 0xF3, 0xCF, 0xE7, 0xF3, 0xCF, 0xE7, 0xF3, 0xCF, 0xE7, 0xF3, 0xC0, 0x00, 0x03,
    0xC0, 0x00, 0x03, 0xCF, 0xE7, 0xF3, 0xCF, 0xE7, 0xF3, 0xCF, 0xE7, 0xF3, 0xCF, 0xE7, 0xF3, 0xCF, 0xE7, 0xF3,
    0xCF, 0xE7, 0xF3, 0xCF, 0xE7, 0xF3, 0xE0, 0x00, 0x07, 0xF0, 0x00, 0x0F, 0xFF, 0xFF, 0xFF, 0xFF, 0xFF, 0xFF};
static const freeink::Icon icon_murdle_face_grid_24 = {24, 24, 12, icon_murdle_face_grid_24_bits};
static const uint8_t icon_murdle_face_grid_32_bits[] = {
    0xFF, 0xFF, 0xFF, 0xFF, 0xFF, 0xFF, 0xFF, 0xFF, 0xFF, 0xFF, 0xFF, 0xFF, 0xF0, 0x00, 0x00, 0x0F, 0xE0, 0x00, 0x00,
    0x07, 0xE3, 0xFE, 0x7F, 0xC7, 0xE7, 0xFE, 0x7F, 0xE7, 0xE7, 0xFE, 0x7F, 0xE7, 0xE7, 0xFE, 0x7F, 0xE7, 0xE7, 0xFE,
    0x7F, 0xE7, 0xE7, 0xFE, 0x7F, 0xE7, 0xE7, 0xFE, 0x7F, 0xE7, 0xE7, 0xFE, 0x7F, 0xE7, 0xE7, 0xFE, 0x7F, 0xE7, 0xE7,
    0xFE, 0x7F, 0xE7, 0xE0, 0x00, 0x00, 0x07, 0xE0, 0x00, 0x00, 0x07, 0xE7, 0xFE, 0x7F, 0xE7, 0xE7, 0xFE, 0x7F, 0xE7,
    0xE7, 0xFE, 0x7F, 0xE7, 0xE7, 0xFE, 0x7F, 0xE7, 0xE7, 0xFE, 0x7F, 0xE7, 0xE7, 0xFE, 0x7F, 0xE7, 0xE7, 0xFE, 0x7F,
    0xE7, 0xE7, 0xFE, 0x7F, 0xE7, 0xE7, 0xFE, 0x7F, 0xE7, 0xE3, 0xFE, 0x7F, 0xC7, 0xE0, 0x00, 0x00, 0x07, 0xF0, 0x00,
    0x00, 0x0F, 0xFF, 0xFF, 0xFF, 0xFF, 0xFF, 0xFF, 0xFF, 0xFF, 0xFF, 0xFF, 0xFF, 0xFF};
static const freeink::Icon icon_murdle_face_grid_32 = {32, 32, 16, icon_murdle_face_grid_32_bits};

// murdle_face_info  (lucide: folder)
static const uint8_t icon_murdle_face_info_24_bits[] = {
    0xFF, 0xFF, 0xFF, 0xFF, 0xFF, 0xFF, 0xE0, 0x7F, 0xFF, 0xC0, 0x3F, 0xFF, 0x9F, 0x9F, 0xFF, 0x9F, 0xC0, 0x07,
    0x9F, 0xE0, 0x03, 0x9F, 0xFF, 0xF9, 0x9F, 0xFF, 0xF9, 0x9F, 0xFF, 0xF9, 0x9F, 0xFF, 0xF9, 0x9F, 0xFF, 0xF9,
    0x9F, 0xFF, 0xF9, 0x9F, 0xFF, 0xF9, 0x9F, 0xFF, 0xF9, 0x9F, 0xFF, 0xF9, 0x9F, 0xFF, 0xF9, 0x9F, 0xFF, 0xF9,
    0x9F, 0xFF, 0xF9, 0xC0, 0x00, 0x03, 0xE0, 0x00, 0x07, 0xFF, 0xFF, 0xFF, 0xFF, 0xFF, 0xFF, 0xFF, 0xFF, 0xFF};
static const freeink::Icon icon_murdle_face_info_24 = {24, 24, 12, icon_murdle_face_info_24_bits};
static const uint8_t icon_murdle_face_info_32_bits[] = {
    0xFF, 0xFF, 0xFF, 0xFF, 0xFF, 0xFF, 0xFF, 0xFF, 0xFF, 0xFF, 0xFF, 0xFF, 0xE0, 0x07, 0xFF, 0xFF, 0xC0, 0x03, 0xFF,
    0xFF, 0xC7, 0xE1, 0xFF, 0xFF, 0x8F, 0xF1, 0xFF, 0xFF, 0x8F, 0xF8, 0x00, 0x07, 0x8F, 0xFC, 0x00, 0x03, 0x8F, 0xFF,
    0xFF, 0xE3, 0x8F, 0xFF, 0xFF, 0xF1, 0x8F, 0xFF, 0xFF, 0xF1, 0x8F, 0xFF, 0xFF, 0xF1, 0x8F, 0xFF, 0xFF, 0xF1, 0x8F,
    0xFF, 0xFF, 0xF1, 0x8F, 0xFF, 0xFF, 0xF1, 0x8F, 0xFF, 0xFF, 0xF1, 0x8F, 0xFF, 0xFF, 0xF1, 0x8F, 0xFF, 0xFF, 0xF1,
    0x8F, 0xFF, 0xFF, 0xF1, 0x8F, 0xFF, 0xFF, 0xF1, 0x8F, 0xFF, 0xFF, 0xF1, 0x8F, 0xFF, 0xFF, 0xF1, 0x8F, 0xFF, 0xFF,
    0xF1, 0xCF, 0xFF, 0xFF, 0xF3, 0xC0, 0x00, 0x00, 0x03, 0xC0, 0x00, 0x00, 0x03, 0xF0, 0x00, 0x00, 0x0F, 0xFF, 0xFF,
    0xFF, 0xFF, 0xFF, 0xFF, 0xFF, 0xFF, 0xFF, 0xFF, 0xFF, 0xFF, 0xFF, 0xFF, 0xFF, 0xFF};
static const freeink::Icon icon_murdle_face_info_32 = {32, 32, 16, icon_murdle_face_info_32_bits};

// checkers  (lucide: circle-dot)
static const uint8_t icon_yahtzee_24_bits[] = {
    0xFF, 0xFF, 0xFF, 0x80, 0x00, 0x01, 0x80, 0x00, 0x01, 0x9F, 0xFF, 0xF9, 0x9F, 0xFF, 0xF9, 0x9F, 0xF8, 0x09,
    0x9F, 0xF8, 0x09, 0x90, 0x38, 0x09, 0x9F, 0xF8, 0x09, 0x9F, 0xFF, 0xF9, 0x9F, 0xFF, 0xF9, 0x9F, 0xF8, 0x09,
    0x9F, 0xF8, 0x09, 0x90, 0x38, 0x09, 0x9F, 0xF8, 0x09, 0x9F, 0xFF, 0xF9, 0x9F, 0xFF, 0xF9, 0x9F, 0xF8, 0x09,
    0x9F, 0xFB, 0xE9, 0x90, 0x3B, 0xE9, 0x9F, 0xF8, 0x09, 0x80, 0x00, 0x01, 0x80, 0x00, 0x01, 0xFF, 0xFF, 0xFF};
static const freeink::Icon icon_yahtzee_24 = {24, 24, 12, icon_yahtzee_24_bits};
static const uint8_t icon_yahtzee_32_bits[] = {
    0xFF, 0xFF, 0xFF, 0xFF, 0xFF, 0xFF, 0xFF, 0xFF, 0xE0, 0x00, 0x00, 0x07, 0xE0, 0x00, 0x00, 0x07, 0xE7, 0xFF, 0xFF,
    0xE7, 0xE7, 0xFF, 0xFF, 0xE7, 0xE7, 0xFF, 0xFF, 0xE7, 0xE7, 0xFF, 0xE0, 0x27, 0xE4, 0x00, 0xE0, 0x27, 0xE4, 0x00,
    0xE0, 0x27, 0xE7, 0xFF, 0xE0, 0x27, 0xE7, 0xFF, 0xFF, 0xE7, 0xE7, 0xFF, 0xFF, 0xE7, 0xE7, 0xFF, 0xFF, 0xE7, 0xE7,
    0xFF, 0xE0, 0x27, 0xE4, 0x00, 0xE0, 0x27, 0xE4, 0x00, 0xE0, 0x27, 0xE7, 0xFF, 0xE0, 0x27, 0xE7, 0xFF, 0xFF, 0xE7,
    0xE7, 0xFF, 0xFF, 0xE7, 0xE7, 0xFF, 0xFF, 0xE7, 0xE7, 0xFF, 0xE0, 0x27, 0xE4, 0x00, 0xEF, 0xA7, 0xE4, 0x00, 0xEF,
    0xA7, 0xE7, 0xFF, 0xE0, 0x27, 0xE7, 0xFF, 0xFF, 0xE7, 0xE7, 0xFF, 0xFF, 0xE7, 0xE7, 0xFF, 0xFF, 0xE7, 0xE0, 0x00,
    0x00, 0x07, 0xE0, 0x00, 0x00, 0x07, 0xFF, 0xFF, 0xFF, 0xFF, 0xFF, 0xFF, 0xFF, 0xFF};
static const freeink::Icon icon_yahtzee_32 = {32, 32, 16, icon_yahtzee_32_bits};
static const uint8_t icon_connectfour_24_bits[] = {
    0xFF, 0xFF, 0xFB, 0xFF, 0xFF, 0xF1, 0xFF, 0xFF, 0xE0, 0xFF, 0xFF, 0xF1, 0xFF, 0xFF, 0xFB, 0xFF, 0xFF, 0xFF,
    0xFF, 0xFE, 0xFF, 0xFF, 0xFC, 0x7F, 0xFF, 0xF8, 0x3F, 0xFF, 0xFC, 0x7F, 0xFF, 0xFE, 0xFF, 0xFF, 0xFF, 0xFF,
    0xFF, 0xBF, 0xFF, 0xFF, 0x1F, 0xFF, 0xFE, 0x0F, 0xFF, 0xFF, 0x1F, 0xFF, 0xFF, 0xBF, 0xFF, 0xFF, 0xFF, 0xFF,
    0xEF, 0xFF, 0xFF, 0xC7, 0xFF, 0xFF, 0x83, 0xFF, 0xFF, 0xC7, 0xFF, 0xFF, 0xEF, 0xFF, 0xFF, 0xFF, 0xFF, 0xFF};
static const freeink::Icon icon_connectfour_24 = {24, 24, 12, icon_connectfour_24_bits};
static const uint8_t icon_connectfour_32_bits[] = {
    0xFF, 0xFF, 0xFF, 0xFF, 0xFF, 0xFF, 0xFF, 0xEF, 0xFF, 0xFF, 0xFF, 0x83, 0xFF, 0xFF, 0xFF, 0x83, 0xFF, 0xFF, 0xFF,
    0x01, 0xFF, 0xFF, 0xFF, 0x83, 0xFF, 0xFF, 0xFF, 0x83, 0xFF, 0xFF, 0xFF, 0xEF, 0xFF, 0xFF, 0xEF, 0xFF, 0xFF, 0xFF,
    0x83, 0xFF, 0xFF, 0xFF, 0x83, 0xFF, 0xFF, 0xFF, 0x01, 0xFF, 0xFF, 0xFF, 0x83, 0xFF, 0xFF, 0xFF, 0x83, 0xFF, 0xFF,
    0xFF, 0xEF, 0xFF, 0xFF, 0xF7, 0xFF, 0xFF, 0xFF, 0xC1, 0xFF, 0xFF, 0xFF, 0xC1, 0xFF, 0xFF, 0xFF, 0x80, 0xFF, 0xFF,
    0xFF, 0xC1, 0xFF, 0xFF, 0xFF, 0xC1, 0xFF, 0xFF, 0xFF, 0xF7, 0xFF, 0xFF, 0xFF, 0xFF, 0xFF, 0xFF, 0xFB, 0xFF, 0xFF,
    0xFF, 0xE0, 0xFF, 0xFF, 0xFF, 0xE0, 0xFF, 0xFF, 0xFF, 0xC0, 0x7F, 0xFF, 0xFF, 0xE0, 0xFF, 0xFF, 0xFF, 0xE0, 0xFF,
    0xFF, 0xFF, 0xFB, 0xFF, 0xFF, 0xFF, 0xFF, 0xFF, 0xFF, 0xFF, 0xFF, 0xFF, 0xFF, 0xFF};
static const freeink::Icon icon_connectfour_32 = {32, 32, 16, icon_connectfour_32_bits};
static const uint8_t icon_checkers_24_bits[] = {
    0xFF, 0xFF, 0xFF, 0xFF, 0x81, 0xFF, 0xFE, 0x00, 0x7F, 0xF8, 0x7E, 0x1F, 0xF1, 0xFF, 0x8F, 0xE3, 0xFF, 0xC7,
    0xE7, 0xFF, 0xE7, 0xCF, 0xFF, 0xF3, 0xCF, 0xFF, 0xF3, 0x9F, 0xFF, 0xF9, 0x9F, 0xE7, 0xF9, 0x9F, 0xC3, 0xF9,
    0x9F, 0xC3, 0xF9, 0x9F, 0xE7, 0xF9, 0x9F, 0xFF, 0xF9, 0xCF, 0xFF, 0xF3, 0xCF, 0xFF, 0xF3, 0xE7, 0xFF, 0xE7,
    0xE3, 0xFF, 0xC7, 0xF1, 0xFF, 0x8F, 0xF8, 0x7E, 0x1F, 0xFE, 0x00, 0x7F, 0xFF, 0x81, 0xFF, 0xFF, 0xFF, 0xFF};
static const freeink::Icon icon_checkers_24 = {24, 24, 12, icon_checkers_24_bits};
static const uint8_t icon_checkers_32_bits[] = {
    0xFF, 0xFF, 0xFF, 0xFF, 0xFF, 0xFE, 0x7F, 0xFF, 0xFF, 0xC0, 0x03, 0xFF, 0xFF, 0x80, 0x01, 0xFF, 0xFE, 0x07, 0xE0,
    0x7F, 0xFC, 0x3F, 0xFC, 0x3F, 0xF8, 0x7F, 0xFE, 0x1F, 0xF1, 0xFF, 0xFF, 0x8F, 0xF1, 0xFF, 0xFF, 0x8F, 0xE3, 0xFF,
    0xFF, 0xC7, 0xC7, 0xFF, 0xFF, 0xE7, 0xC7, 0xFF, 0xFF, 0xE3, 0xCF, 0xFF, 0xFF, 0xE3, 0xCF, 0xFF, 0xFF, 0xF3, 0xCF,
    0xFC, 0x3F, 0xF3, 0x8F, 0xFC, 0x3F, 0xF1, 0x8F, 0xFC, 0x3F, 0xF1, 0xCF, 0xFC, 0x3F, 0xF3, 0xCF, 0xFF, 0xFF, 0xF3,
    0xC7, 0xFF, 0xFF, 0xE3, 0xC7, 0xFF, 0xFF, 0xE3, 0xC7, 0xFF, 0xFF, 0xE7, 0xE3, 0xFF, 0xFF, 0xC7, 0xF1, 0xFF, 0xFF,
    0x8F, 0xF1, 0xFF, 0xFF, 0x0F, 0xF8, 0x7F, 0xFE, 0x1F, 0xFC, 0x3F, 0xFC, 0x3F, 0xFE, 0x07, 0xE0, 0x7F, 0xFF, 0x80,
    0x01, 0xFF, 0xFF, 0xE0, 0x07, 0xFF, 0xFF, 0xFE, 0x7F, 0xFF, 0xFF, 0xFF, 0xFF, 0xFF};
static const freeink::Icon icon_checkers_32 = {32, 32, 15, icon_checkers_32_bits};
// knucklebones  (lucide: dice-5)
static const uint8_t icon_knucklebones_24_bits[] = {
    0xFF, 0xFF, 0xFF, 0xFF, 0xFF, 0xFF, 0xF0, 0x00, 0x0F, 0xE0, 0x00, 0x07, 0xCF, 0xFF, 0xF3, 0xCF, 0xFF, 0xF3,
    0xCF, 0xFF, 0xF3, 0xCE, 0x7E, 0x73, 0xCE, 0x7E, 0x73, 0xCF, 0xFF, 0xF3, 0xCF, 0xFF, 0xF3, 0xCF, 0xE7, 0xF3,
    0xCF, 0xE7, 0xF3, 0xCF, 0xFF, 0xF3, 0xCF, 0xFF, 0xF3, 0xCE, 0x7E, 0x73, 0xCE, 0x7E, 0x73, 0xCF, 0xFF, 0xF3,
    0xCF, 0xFF, 0xF3, 0xCF, 0xFF, 0xF3, 0xE0, 0x00, 0x07, 0xF0, 0x00, 0x0F, 0xFF, 0xFF, 0xFF, 0xFF, 0xFF, 0xFF};
static const freeink::Icon icon_knucklebones_24 = {24, 24, 12, icon_knucklebones_24_bits};
static const uint8_t icon_knucklebones_32_bits[] = {
    0xFF, 0xFF, 0xFF, 0xFF, 0xFF, 0xFF, 0xFF, 0xFF, 0xFF, 0xFF, 0xFF, 0xFF, 0xF0, 0x00, 0x00, 0x0F, 0xE0, 0x00, 0x00,
    0x07, 0xE3, 0xFF, 0xFF, 0xC7, 0xE7, 0xFF, 0xFF, 0xE7, 0xE7, 0xFF, 0xFF, 0xE7, 0xE7, 0xFF, 0xFF, 0xE7, 0xE7, 0xDF,
    0xFB, 0xE7, 0xE7, 0x8F, 0xF1, 0xE7, 0xE7, 0xCF, 0xF3, 0xE7, 0xE7, 0xFF, 0xFF, 0xE7, 0xE7, 0xFF, 0xFF, 0xE7, 0xE7,
    0xFF, 0xFF, 0xE7, 0xE7, 0xFE, 0x7F, 0xE7, 0xE7, 0xFE, 0x7F, 0xE7, 0xE7, 0xFF, 0xFF, 0xE7, 0xE7, 0xFF, 0xFF, 0xE7,
    0xE7, 0xFF, 0xFF, 0xE7, 0xE7, 0xCF, 0xF3, 0xE7, 0xE7, 0x8F, 0xF1, 0xE7, 0xE7, 0xDF, 0xFB, 0xE7, 0xE7, 0xFF, 0xFF,
    0xE7, 0xE7, 0xFF, 0xFF, 0xE7, 0xE7, 0xFF, 0xFF, 0xE7, 0xE3, 0xFF, 0xFF, 0xC7, 0xE0, 0x00, 0x00, 0x07, 0xF0, 0x00,
    0x00, 0x0F, 0xFF, 0xFF, 0xFF, 0xFF, 0xFF, 0xFF, 0xFF, 0xFF, 0xFF, 0xFF, 0xFF, 0xFF};
static const freeink::Icon icon_knucklebones_32 = {32, 32, 16, icon_knucklebones_32_bits};
// minesweeper  (lucide: bomb)
static const uint8_t icon_minesweeper_24_bits[] = {
    0xFF, 0xFF, 0xFF, 0xFF, 0xFF, 0x09, 0xFF, 0xFE, 0x01, 0xFF, 0x00, 0x63, 0xFC, 0x00, 0xF1, 0xF8, 0xFC, 0x79,
    0xF3, 0xFF, 0x39, 0xE7, 0xFF, 0x91, 0xCF, 0xFF, 0xC3, 0xCF, 0xFF, 0xC7, 0x9F, 0xFF, 0xE7, 0x9F, 0xFF, 0xE7,
    0x9F, 0xFF, 0xE7, 0x9F, 0xFF, 0xE7, 0x9F, 0xFF, 0xE7, 0x9F, 0xFF, 0xE7, 0xCF, 0xFF, 0xCF, 0xCF, 0xFF, 0xCF,
    0xE7, 0xFF, 0x9F, 0xF3, 0xFF, 0x3F, 0xF8, 0xFC, 0x7F, 0xFC, 0x00, 0xFF, 0xFF, 0x03, 0xFF, 0xFF, 0xFF, 0xFF};
static const freeink::Icon icon_minesweeper_24 = {24, 24, 10, icon_minesweeper_24_bits};
static const uint8_t icon_minesweeper_32_bits[] = {
    0xFF, 0xFF, 0xFF, 0xFF, 0xFF, 0xFF, 0xFE, 0xFB, 0xFF, 0xFF, 0xF8, 0x11, 0xFF, 0xFF, 0xF0, 0x03, 0xFF, 0xE0, 0x21,
    0x87, 0xFF, 0x80, 0x03, 0xC3, 0xFE, 0x00, 0x03, 0xE3, 0xFC, 0x3F, 0xC0, 0xF1, 0xF8, 0x7F, 0xF8, 0x71, 0xF1, 0xFF,
    0xFC, 0x63, 0xE3, 0xFF, 0xFE, 0x03, 0xE3, 0xFF, 0xFF, 0x07, 0xC7, 0xFF, 0xFF, 0x0F, 0xC7, 0xFF, 0xFF, 0x1F, 0xCF,
    0xFF, 0xFF, 0x8F, 0xCF, 0xFF, 0xFF, 0x8F, 0x8F, 0xFF, 0xFF, 0x8F, 0x8F, 0xFF, 0xFF, 0x8F, 0xCF, 0xFF, 0xFF, 0x8F,
    0xCF, 0xFF, 0xFF, 0x8F, 0xCF, 0xFF, 0xFF, 0x8F, 0xC7, 0xFF, 0xFF, 0x9F, 0xC7, 0xFF, 0xFF, 0x1F, 0xE3, 0xFF, 0xFE,
    0x3F, 0xF1, 0xFF, 0xFE, 0x3F, 0xF0, 0xFF, 0xFC, 0x7F, 0xF8, 0x7F, 0xF0, 0xFF, 0xFC, 0x1F, 0xC1, 0xFF, 0xFF, 0x00,
    0x03, 0xFF, 0xFF, 0x80, 0x0F, 0xFF, 0xFF, 0xFC, 0xFF, 0xFF, 0xFF, 0xFF, 0xFF, 0xFF};
static const freeink::Icon icon_minesweeper_32 = {32, 32, 14, icon_minesweeper_32_bits};

// sudoku  (lucide: hash)
static const uint8_t icon_sudoku_24_bits[] = {
    0xFF, 0xFF, 0xFF, 0xFF, 0xFF, 0xFF, 0xFF, 0x9E, 0x7F, 0xFF, 0x9E, 0x7F, 0xFF, 0x9E, 0x7F, 0xFF, 0x9E, 0x7F,
    0xFF, 0x9E, 0x7F, 0xFF, 0xBE, 0xFF, 0xE0, 0x00, 0x07, 0xE0, 0x00, 0x07, 0xFF, 0x3C, 0xFF, 0xFF, 0x3C, 0xFF,
    0xFF, 0x3C, 0xFF, 0xFF, 0x3C, 0xFF, 0xE0, 0x00, 0x07, 0xE0, 0x00, 0x07, 0xFF, 0x7D, 0xFF, 0xFE, 0x79, 0xFF,
    0xFE, 0x79, 0xFF, 0xFE, 0x79, 0xFF, 0xFE, 0x79, 0xFF, 0xFE, 0x79, 0xFF, 0xFF, 0xFF, 0xFF, 0xFF, 0xFF, 0xFF};
static const freeink::Icon icon_sudoku_24 = {24, 24, 12, icon_sudoku_24_bits};
static const uint8_t icon_sudoku_32_bits[] = {
    0xFF, 0xFF, 0xFF, 0xFF, 0xFF, 0xFF, 0xFF, 0xFF, 0xFF, 0xFF, 0xFF, 0xFF, 0xFF, 0xF3, 0xF3, 0xFF, 0xFF, 0xF1, 0xF1,
    0xFF, 0xFF, 0xF3, 0xF3, 0xFF, 0xFF, 0xF3, 0xF3, 0xFF, 0xFF, 0xF3, 0xF3, 0xFF, 0xFF, 0xF3, 0xF3, 0xFF, 0xFF, 0xE3,
    0xE3, 0xFF, 0xFF, 0xE3, 0xE3, 0xFF, 0xF0, 0x00, 0x00, 0x0F, 0xF0, 0x00, 0x00, 0x0F, 0xFF, 0xE3, 0xE3, 0xFF, 0xFF,
    0xE7, 0xE7, 0xFF, 0xFF, 0xE7, 0xE7, 0xFF, 0xFF, 0xE7, 0xE7, 0xFF, 0xFF, 0xE7, 0xE7, 0xFF, 0xFF, 0xC7, 0xC7, 0xFF,
    0xF0, 0x00, 0x00, 0x0F, 0xF0, 0x00, 0x00, 0x0F, 0xFF, 0xC7, 0xC7, 0xFF, 0xFF, 0xC7, 0xC7, 0xFF, 0xFF, 0xCF, 0xCF,
    0xFF, 0xFF, 0xCF, 0xCF, 0xFF, 0xFF, 0xCF, 0xCF, 0xFF, 0xFF, 0xCF, 0xCF, 0xFF, 0xFF, 0x8F, 0x8F, 0xFF, 0xFF, 0xCF,
    0xCF, 0xFF, 0xFF, 0xFF, 0xFF, 0xFF, 0xFF, 0xFF, 0xFF, 0xFF, 0xFF, 0xFF, 0xFF, 0xFF};
static const freeink::Icon icon_sudoku_32 = {32, 32, 16, icon_sudoku_32_bits};
// go  (lucide: grip)
static const uint8_t icon_go_24_bits[] = {
    0xFF, 0xFF, 0xFF, 0xFF, 0xFF, 0xFF, 0xFF, 0xFF, 0xFF, 0xF3, 0xE7, 0xCF, 0xE1, 0xC3, 0x87, 0xE1, 0xC3, 0x87,
    0xF3, 0xE7, 0xCF, 0xFF, 0xFF, 0xFF, 0xFF, 0xFF, 0xFF, 0xFF, 0xFF, 0xFF, 0xF3, 0xE7, 0xCF, 0xE1, 0xC3, 0x87,
    0xE1, 0xC3, 0x87, 0xF3, 0xE7, 0xCF, 0xFF, 0xFF, 0xFF, 0xFF, 0xFF, 0xFF, 0xFF, 0xFF, 0xFF, 0xF3, 0xE7, 0xCF,
    0xE1, 0xC3, 0x87, 0xE1, 0xC3, 0x87, 0xF3, 0xE7, 0xCF, 0xFF, 0xFF, 0xFF, 0xFF, 0xFF, 0xFF, 0xFF, 0xFF, 0xFF};
static const freeink::Icon icon_go_24 = {24, 24, 12, icon_go_24_bits};
static const uint8_t icon_go_32_bits[] = {
    0xFF, 0xFF, 0xFF, 0xFF, 0xFF, 0xFF, 0xFF, 0xFF, 0xFF, 0xFF, 0xFF, 0xFF, 0xFF, 0xFF, 0xFF, 0xFF, 0xF8, 0xFE, 0x7F,
    0x1F, 0xF0, 0x7C, 0x3E, 0x0F, 0xF0, 0x78, 0x1E, 0x0F, 0xF0, 0x7C, 0x3E, 0x0F, 0xF8, 0xFC, 0x3F, 0x1F, 0xFF, 0xFF,
    0xFF, 0xFF, 0xFF, 0xFF, 0xFF, 0xFF, 0xFF, 0xFF, 0xFF, 0xFF, 0xFF, 0xFF, 0xFF, 0xFF, 0xFD, 0xFF, 0xFF, 0xBF, 0xF8,
    0x7C, 0x3E, 0x1F, 0xF0, 0x7C, 0x3E, 0x0F, 0xF0, 0x7C, 0x3E, 0x0F, 0xF8, 0x7C, 0x3E, 0x1F, 0xFD, 0xFF, 0xFF, 0xBF,
    0xFF, 0xFF, 0xFF, 0xFF, 0xFF, 0xFF, 0xFF, 0xFF, 0xFF, 0xFF, 0xFF, 0xFF, 0xFF, 0xFF, 0xFF, 0xFF, 0xF8, 0xFC, 0x3F,
    0x1F, 0xF0, 0x7C, 0x3E, 0x0F, 0xF0, 0x78, 0x1E, 0x0F, 0xF0, 0x7C, 0x3E, 0x0F, 0xF8, 0xFE, 0x7F, 0x1F, 0xFF, 0xFF,
    0xFF, 0xFF, 0xFF, 0xFF, 0xFF, 0xFF, 0xFF, 0xFF, 0xFF, 0xFF, 0xFF, 0xFF, 0xFF, 0xFF};
static const freeink::Icon icon_go_32 = {32, 32, 16, icon_go_32_bits};
// go_play  (lucide: play)
static const uint8_t icon_go_play_24_bits[] = {
    0xFF, 0xFF, 0xFF, 0xFF, 0xFF, 0xFF, 0xFC, 0xFF, 0xFF, 0xF8, 0x3F, 0xFF, 0xF3, 0x0F, 0xFF, 0xF3, 0xC3, 0xFF,
    0xF3, 0xF1, 0xFF, 0xF3, 0xF8, 0x7F, 0xF3, 0xFE, 0x1F, 0xF3, 0xFF, 0x8F, 0xF3, 0xFF, 0xE7, 0xF3, 0xFF, 0xF3,
    0xF3, 0xFF, 0xF3, 0xF3, 0xFF, 0xE7, 0xF3, 0xFF, 0x8F, 0xF3, 0xFE, 0x1F, 0xF3, 0xF8, 0x7F, 0xF3, 0xF1, 0xFF,
    0xF3, 0xC3, 0xFF, 0xF3, 0x0F, 0xFF, 0xF8, 0x3F, 0xFF, 0xFC, 0xFF, 0xFF, 0xFF, 0xFF, 0xFF, 0xFF, 0xFF, 0xFF};
static const freeink::Icon icon_go_play_24 = {24, 24, 12, icon_go_play_24_bits};
static const uint8_t icon_go_play_32_bits[] = {
    0xFF, 0xFF, 0xFF, 0xFF, 0xFF, 0xFF, 0xFF, 0xFF, 0xFF, 0xFF, 0xFF, 0xFF, 0xFE, 0x0F, 0xFF, 0xFF, 0xFC, 0x07, 0xFF,
    0xFF, 0xFC, 0x41, 0xFF, 0xFF, 0xF8, 0xF0, 0x7F, 0xFF, 0xF8, 0xFC, 0x1F, 0xFF, 0xF8, 0xFE, 0x0F, 0xFF, 0xF8, 0xFF,
    0x83, 0xFF, 0xF8, 0xFF, 0xE0, 0xFF, 0xF8, 0xFF, 0xF0, 0x7F, 0xF8, 0xFF, 0xFC, 0x1F, 0xF8, 0xFF, 0xFF, 0x0F, 0xF8,
    0xFF, 0xFF, 0xC7, 0xF8, 0xFF, 0xFF, 0xE7, 0xF8, 0xFF, 0xFF, 0xE7, 0xF8, 0xFF, 0xFF, 0xC7, 0xF8, 0xFF, 0xFF, 0x0F,
    0xF8, 0xFF, 0xFC, 0x1F, 0xF8, 0xFF, 0xF0, 0x7F, 0xF8, 0xFF, 0xE0, 0xFF, 0xF8, 0xFF, 0x83, 0xFF, 0xF8, 0xFE, 0x0F,
    0xFF, 0xF8, 0xFC, 0x1F, 0xFF, 0xF8, 0xF0, 0x7F, 0xFF, 0xFC, 0x41, 0xFF, 0xFF, 0xFC, 0x07, 0xFF, 0xFF, 0xFE, 0x0F,
    0xFF, 0xFF, 0xFF, 0xFF, 0xFF, 0xFF, 0xFF, 0xFF, 0xFF, 0xFF, 0xFF, 0xFF, 0xFF, 0xFF};
static const freeink::Icon icon_go_play_32 = {32, 32, 16, icon_go_play_32_bits};
// go_settings  (lucide: settings)
static const uint8_t icon_go_settings_24_bits[] = {
    0xFF, 0xFF, 0xFF, 0xFF, 0xC3, 0xFF, 0xFF, 0x81, 0xFF, 0xFF, 0x99, 0xFF, 0xFF, 0x99, 0xFF, 0xF0, 0x3C, 0x0F,
    0xE0, 0x7E, 0x07, 0xCF, 0xFF, 0xF3, 0xCF, 0xC3, 0xF3, 0xC7, 0x81, 0xE3, 0xE3, 0x18, 0xC7, 0xF3, 0x3C, 0xCF,
    0xF3, 0x3C, 0xCF, 0xE3, 0x18, 0xC7, 0xC7, 0x81, 0xE3, 0xCF, 0xC3, 0xF3, 0xCF, 0xFF, 0xF3, 0xE0, 0x7E, 0x07,
    0xF0, 0x3C, 0x0F, 0xFF, 0x99, 0xFF, 0xFF, 0x99, 0xFF, 0xFF, 0x81, 0xFF, 0xFF, 0xE7, 0xFF, 0xFF, 0xFF, 0xFF};
static const freeink::Icon icon_go_settings_24 = {24, 24, 11, icon_go_settings_24_bits};
static const uint8_t icon_go_settings_32_bits[] = {
    0xFF, 0xFF, 0xFF, 0xFF, 0xFF, 0xFF, 0xFF, 0xFF, 0xFF, 0xF8, 0x1F, 0xFF, 0xFF, 0xF0, 0x0F, 0xFF, 0xFF, 0xF1, 0x8F,
    0xFF, 0xFF, 0xF3, 0xCF, 0xFF, 0xFF, 0xE3, 0xC7, 0xFF, 0xF0, 0x03, 0xC0, 0x0F, 0xF0, 0x07, 0xE0, 0x0F, 0xE3, 0x9F,
    0xF9, 0xC7, 0xE7, 0xFF, 0xFF, 0xE7, 0xE7, 0xF8, 0x1F, 0xE7, 0xE3, 0xF0, 0x0F, 0xC7, 0xF1, 0xE1, 0x87, 0x8F, 0xF8,
    0xE3, 0xC7, 0x1F, 0xF8, 0xE7, 0xE7, 0x1F, 0xF8, 0xE7, 0xE7, 0x1F, 0xF8, 0xE3, 0xC7, 0x1F, 0xF1, 0xE1, 0x87, 0x8F,
    0xE3, 0xF0, 0x0F, 0xC7, 0xE7, 0xF8, 0x1F, 0xE7, 0xE7, 0xFF, 0xFF, 0xE7, 0xE3, 0x9F, 0xF9, 0xC7, 0xF0, 0x07, 0xE0,
    0x0F, 0xF0, 0x03, 0xC0, 0x1F, 0xFF, 0xE3, 0xC7, 0xFF, 0xFF, 0xF3, 0xCF, 0xFF, 0xFF, 0xF1, 0x8F, 0xFF, 0xFF, 0xF0,
    0x0F, 0xFF, 0xFF, 0xF8, 0x1F, 0xFF, 0xFF, 0xFF, 0xFF, 0xFF, 0xFF, 0xFF, 0xFF, 0xFF};
static const freeink::Icon icon_go_settings_32 = {32, 32, 15, icon_go_settings_32_bits};
// go_computer  (lucide: bot)
static const uint8_t icon_go_computer_24_bits[] = {
    0xFF, 0xFF, 0xFF, 0xFF, 0xFF, 0xFF, 0xFF, 0xFF, 0xFF, 0xFE, 0x07, 0xFF, 0xFE, 0x07, 0xFF, 0xFF, 0xE7, 0xFF,
    0xFF, 0xE7, 0xFF, 0xF8, 0x00, 0x1F, 0xF0, 0x00, 0x0F, 0xE7, 0xFF, 0xE7, 0xE7, 0xFF, 0xE7, 0xE7, 0xFF, 0xE7,
    0xE7, 0x3C, 0xE7, 0x87, 0x3C, 0xE1, 0x87, 0x3C, 0xE1, 0xE7, 0x3C, 0xE7, 0xE7, 0xFF, 0xE7, 0xE7, 0xFF, 0xE7,
    0xE7, 0xFF, 0xE7, 0xF0, 0x00, 0x0F, 0xF8, 0x00, 0x1F, 0xFF, 0xFF, 0xFF, 0xFF, 0xFF, 0xFF, 0xFF, 0xFF, 0xFF};
static const freeink::Icon icon_go_computer_24 = {24, 24, 12, icon_go_computer_24_bits};
static const uint8_t icon_go_computer_32_bits[] = {
    0xFF, 0xFF, 0xFF, 0xFF, 0xFF, 0xFF, 0xFF, 0xFF, 0xFF, 0xFF, 0xFF, 0xFF, 0xFF, 0xFF, 0xFF, 0xFF, 0xFF, 0xC0, 0x7F,
    0xFF, 0xFF, 0x80, 0x7F, 0xFF, 0xFF, 0xC0, 0x7F, 0xFF, 0xFF, 0xFE, 0x7F, 0xFF, 0xFF, 0xFE, 0x7F, 0xFF, 0xFF, 0x00,
    0x00, 0xFF, 0xF8, 0x00, 0x00, 0x1F, 0xF8, 0x00, 0x00, 0x1F, 0xF1, 0xFF, 0xFF, 0x8F, 0xF1, 0xFF, 0xFF, 0x8F, 0xF1,
    0xFF, 0xFF, 0x8F, 0xF1, 0xFF, 0xFF, 0x8F, 0xF1, 0xE7, 0xE7, 0x8F, 0xC1, 0xE7, 0xE7, 0x83, 0x81, 0xE7, 0xE7, 0x81,
    0xC1, 0xE7, 0xE7, 0x83, 0xF1, 0xE7, 0xE7, 0x8F, 0xF1, 0xFF, 0xFF, 0x8F, 0xF1, 0xFF, 0xFF, 0x8F, 0xF1, 0xFF, 0xFF,
    0x8F, 0xF1, 0xFF, 0xFF, 0x8F, 0xF0, 0x00, 0x00, 0x0F, 0xF8, 0x00, 0x00, 0x1F, 0xFC, 0x00, 0x00, 0x3F, 0xFF, 0xFF,
    0xFF, 0xFF, 0xFF, 0xFF, 0xFF, 0xFF, 0xFF, 0xFF, 0xFF, 0xFF, 0xFF, 0xFF, 0xFF, 0xFF};
static const freeink::Icon icon_go_computer_32 = {32, 32, 17, icon_go_computer_32_bits};
// go_humans  (lucide: users)
static const uint8_t icon_go_humans_24_bits[] = {
    0xFF, 0xFF, 0xFF, 0xFF, 0xFF, 0xFF, 0xFE, 0x1E, 0x7F, 0xFC, 0x0E, 0x3F, 0xF9, 0xE7, 0x9F, 0xF3, 0xF3, 0xCF,
    0xF3, 0xF3, 0xCF, 0xF3, 0xF3, 0xCF, 0xF3, 0xF3, 0xCF, 0xF9, 0xE7, 0x9F, 0xFC, 0x0E, 0x3F, 0xFE, 0x1E, 0x7F,
    0xFF, 0xFF, 0xFF, 0xFF, 0xFF, 0xFF, 0xF0, 0x03, 0xCF, 0xE0, 0x01, 0xC7, 0xCF, 0xFC, 0xF3, 0x9F, 0xFE, 0x79,
    0x9F, 0xFE, 0x79, 0x9F, 0xFE, 0x79, 0x9F, 0xFE, 0x79, 0x9F, 0xFE, 0x79, 0xFF, 0xFF, 0xFF, 0xFF, 0xFF, 0xFF};
static const freeink::Icon icon_go_humans_24 = {24, 24, 12, icon_go_humans_24_bits};
static const uint8_t icon_go_humans_32_bits[] = {
    0xFF, 0xFF, 0xFF, 0xFF, 0xFF, 0xFF, 0xFF, 0xFF, 0xFF, 0xFF, 0xFF, 0xFF, 0xFF, 0x81, 0xF1, 0xFF, 0xFF, 0x00, 0xF0,
    0xFF, 0xFE, 0x18, 0x78, 0x7F, 0xFC, 0x7E, 0x3E, 0x3F, 0xFC, 0xFF, 0x3F, 0x3F, 0xF8, 0xFF, 0x1F, 0x1F, 0xF8, 0xFF,
    0x1F, 0x1F, 0xFC, 0xFF, 0x3F, 0x3F, 0xFC, 0x7E, 0x3E, 0x3F, 0xFC, 0x3C, 0x3C, 0x3F, 0xFE, 0x00, 0x78, 0x7F, 0xFF,
    0x00, 0xF0, 0xFF, 0xFF, 0xC3, 0xFB, 0xFF, 0xFF, 0xFF, 0xFF, 0xFF, 0xFF, 0xFF, 0xFF, 0xFF, 0xFF, 0xFF, 0xFF, 0xFF,
    0xF8, 0x00, 0x1F, 0x1F, 0xF0, 0x00, 0x0F, 0x0F, 0xE1, 0xFF, 0x87, 0x87, 0xC7, 0xFF, 0xE3, 0xE3, 0xCF, 0xFF, 0xF3,
    0xF3, 0x8F, 0xFF, 0xF1, 0xF1, 0x8F, 0xFF, 0xF1, 0xF1, 0x8F, 0xFF, 0xF1, 0xF1, 0x8F, 0xFF, 0xF1, 0xF1, 0xCF, 0xFF,
    0xF3, 0xF3, 0xFF, 0xFF, 0xFF, 0xFF, 0xFF, 0xFF, 0xFF, 0xFF, 0xFF, 0xFF, 0xFF, 0xFF};
static const freeink::Icon icon_go_humans_32 = {32, 32, 15, icon_go_humans_32_bits};
// go_colour  (lucide: contrast)
static const uint8_t icon_go_colour_24_bits[] = {
    0xFF, 0xFF, 0xFF, 0xFF, 0x81, 0xFF, 0xFE, 0x00, 0x7F, 0xF8, 0x7E, 0x1F, 0xF1, 0xFF, 0x8F, 0xE3, 0xE3, 0xC7,
    0xE7, 0xE0, 0xE7, 0xCF, 0xE4, 0x73, 0xCF, 0xE7, 0x33, 0x9F, 0xE7, 0x39, 0x9F, 0xE7, 0x99, 0x9F, 0xE7, 0x99,
    0x9F, 0xE7, 0x99, 0x9F, 0xE7, 0x99, 0x9F, 0xE7, 0x39, 0xCF, 0xE7, 0x33, 0xCF, 0xE4, 0x73, 0xE7, 0xE0, 0xE7,
    0xE3, 0xE3, 0xC7, 0xF1, 0xFF, 0x8F, 0xF8, 0x7E, 0x1F, 0xFE, 0x00, 0x7F, 0xFF, 0x81, 0xFF, 0xFF, 0xFF, 0xFF};
static const freeink::Icon icon_go_colour_24 = {24, 24, 12, icon_go_colour_24_bits};
static const uint8_t icon_go_colour_32_bits[] = {
    0xFF, 0xFF, 0xFF, 0xFF, 0xFF, 0xFE, 0x7F, 0xFF, 0xFF, 0xC0, 0x03, 0xFF, 0xFF, 0x80, 0x01, 0xFF, 0xFE, 0x07, 0xE0,
    0x7F, 0xFC, 0x3F, 0xFC, 0x3F, 0xF8, 0x7F, 0xFE, 0x1F, 0xF1, 0xFE, 0x0F, 0x8F, 0xF1, 0xFE, 0x07, 0x8F, 0xE3, 0xFE,
    0x01, 0xC7, 0xC7, 0xFE, 0x71, 0xE7, 0xC7, 0xFE, 0x78, 0xE3, 0xCF, 0xFE, 0x7C, 0x63, 0xCF, 0xFE, 0x7C, 0x73, 0xCF,
    0xFE, 0x7E, 0x73, 0x8F, 0xFE, 0x7E, 0x71, 0x8F, 0xFE, 0x7E, 0x71, 0xCF, 0xFE, 0x7E, 0x73, 0xCF, 0xFE, 0x7C, 0x73,
    0xC7, 0xFE, 0x7C, 0x63, 0xC7, 0xFE, 0x78, 0xE3, 0xC7, 0xFE, 0x71, 0xE7, 0xE3, 0xFE, 0x01, 0xC7, 0xF1, 0xFE, 0x07,
    0x8F, 0xF1, 0xFE, 0x0F, 0x0F, 0xF8, 0x7F, 0xFE, 0x1F, 0xFC, 0x3F, 0xFC, 0x3F, 0xFE, 0x07, 0xE0, 0x7F, 0xFF, 0x80,
    0x01, 0xFF, 0xFF, 0xE0, 0x07, 0xFF, 0xFF, 0xFE, 0x7F, 0xFF, 0xFF, 0xFF, 0xFF, 0xFF};
static const freeink::Icon icon_go_colour_32 = {32, 32, 15, icon_go_colour_32_bits};
// go_level  (lucide: gauge)
static const uint8_t icon_go_level_24_bits[] = {
    0xFF, 0xFF, 0xFF, 0xFF, 0xFF, 0xFF, 0xFF, 0xFF, 0xFF, 0xFF, 0x81, 0xFF, 0xFE, 0x00, 0x7F, 0xF8, 0x7E, 0x1F,
    0xF1, 0xFF, 0x8F, 0xE3, 0xFF, 0xC7, 0xE7, 0xFF, 0xE7, 0xCF, 0xFE, 0x73, 0xCF, 0xFC, 0x73, 0x9F, 0xF8, 0xF9,
    0x9F, 0xF1, 0xF9, 0x9F, 0xE3, 0xF9, 0x9F, 0xE7, 0xF9, 0x9F, 0xFF, 0xF9, 0x9F, 0xFF, 0xF9, 0xCF, 0xFF, 0xF3,
    0xCF, 0xFF, 0xF3, 0xEF, 0xFF, 0xF7, 0xFF, 0xFF, 0xFF, 0xFF, 0xFF, 0xFF, 0xFF, 0xFF, 0xFF, 0xFF, 0xFF, 0xFF};
static const freeink::Icon icon_go_level_24 = {24, 24, 10, icon_go_level_24_bits};
static const uint8_t icon_go_level_32_bits[] = {
    0xFF, 0xFF, 0xFF, 0xFF, 0xFF, 0xFF, 0xFF, 0xFF, 0xFF, 0xFF, 0xFF, 0xFF, 0xFF, 0xFF, 0xFF, 0xFF, 0xFF, 0xF8, 0x1F,
    0xFF, 0xFF, 0xC0, 0x03, 0xFF, 0xFF, 0x00, 0x00, 0xFF, 0xFE, 0x1F, 0xF0, 0x7F, 0xFC, 0x3F, 0xFC, 0x3F, 0xF8, 0xFF,
    0xFF, 0x1F, 0xF1, 0xFF, 0xFF, 0x8F, 0xE3, 0xFF, 0xFF, 0xC7, 0xE3, 0xFF, 0xF3, 0xC7, 0xC7, 0xFF, 0xE1, 0xE3, 0xC7,
    0xFF, 0xC3, 0xE3, 0xCF, 0xFF, 0x87, 0xF3, 0xCF, 0xFF, 0x0F, 0xF3, 0x8F, 0xFE, 0x1F, 0xF3, 0x8F, 0xFE, 0x3F, 0xF1,
    0x8F, 0xFE, 0x7F, 0xF1, 0xCF, 0xFF, 0xFF, 0xF3, 0xCF, 0xFF, 0xFF, 0xF3, 0xC7, 0xFF, 0xFF, 0xE3, 0xC7, 0xFF, 0xFF,
    0xE3, 0xE7, 0xFF, 0xFF, 0xE7, 0xE3, 0xFF, 0xFF, 0xC7, 0xF7, 0xFF, 0xFF, 0xEF, 0xFF, 0xFF, 0xFF, 0xFF, 0xFF, 0xFF,
    0xFF, 0xFF, 0xFF, 0xFF, 0xFF, 0xFF, 0xFF, 0xFF, 0xFF, 0xFF, 0xFF, 0xFF, 0xFF, 0xFF};
static const freeink::Icon icon_go_level_32 = {32, 32, 13, icon_go_level_32_bits};
static const uint8_t icon_picross_24_bits[] = {
    0xFF, 0xFF, 0xFF, 0xFF, 0xFF, 0xFF, 0xF0, 0x00, 0x0F, 0xE0, 0x00, 0x07, 0xCF, 0xFF, 0xF3, 0xCF, 0xFF, 0xF3,
    0xCF, 0x3F, 0xF3, 0xCE, 0x1F, 0xF3, 0xCC, 0xCF, 0xF3, 0xCC, 0xCF, 0xF3, 0xCE, 0x1F, 0x73, 0xCF, 0x3C, 0x13,
    0xCF, 0xF8, 0x83, 0xCF, 0xF1, 0xC3, 0xCF, 0xE3, 0xE3, 0xCF, 0xC7, 0xF3, 0xCF, 0x8F, 0xF3, 0xCF, 0x1F, 0xF3,
    0xCE, 0x3F, 0xF3, 0xCC, 0x7F, 0xF3, 0xE0, 0x00, 0x07, 0xF0, 0x00, 0x0F, 0xFF, 0xFF, 0xFF, 0xFF, 0xFF, 0xFF};
static const freeink::Icon icon_picross_24 = {24, 24, 12, icon_picross_24_bits};
static const uint8_t icon_picross_32_bits[] = {
    0xFF, 0xFF, 0xFF, 0xFF, 0xFF, 0xFF, 0xFF, 0xFF, 0xFF, 0xFF, 0xFF, 0xFF, 0xF0, 0x00, 0x00, 0x0F, 0xE0, 0x00, 0x00,
    0x07, 0xE3, 0xFF, 0xFF, 0xC7, 0xE7, 0xFF, 0xFF, 0xE7, 0xE7, 0xFF, 0xFF, 0xE7, 0xE7, 0xC3, 0xFF, 0xE7, 0xE7, 0x81,
    0xFF, 0xE7, 0xE7, 0x00, 0xFF, 0xE7, 0xE7, 0x18, 0xFF, 0xE7, 0xE7, 0x18, 0xFF, 0xE7, 0xE7, 0x00, 0xFF, 0xE7, 0xE7,
    0x81, 0xF0, 0xE7, 0xE7, 0xC3, 0xE0, 0x67, 0xE7, 0xFF, 0xC0, 0x07, 0xE7, 0xFF, 0x8F, 0x07, 0xE7, 0xFF, 0x1F, 0x87,
    0xE7, 0xFE, 0x3F, 0xC7, 0xE7, 0xFC, 0x7F, 0xC7, 0xE7, 0xF8, 0xFF, 0xE7, 0xE7, 0xF1, 0xFF, 0xE7, 0xE7, 0xE3, 0xFF,
    0xE7, 0xE7, 0xC7, 0xFF, 0xE7, 0xE7, 0x8F, 0xFF, 0xE7, 0xE2, 0x0F, 0xFF, 0xC7, 0xE0, 0x00, 0x00, 0x07, 0xF0, 0x00,
    0x00, 0x0F, 0xFF, 0xFF, 0xFF, 0xFF, 0xFF, 0xFF, 0xFF, 0xFF, 0xFF, 0xFF, 0xFF, 0xFF};
static const freeink::Icon icon_picross_32 = {32, 32, 16, icon_picross_32_bits};

// mineflag  (lucide: flag)
static const uint8_t icon_mineflag_24_bits[] = {
    0xFF, 0xFF, 0xFF, 0xFC, 0x1F, 0xFF, 0xF0, 0x07, 0xCF, 0xE3, 0xE0, 0x07, 0xE7, 0xF8, 0x27, 0xE7, 0xFF, 0xE7,
    0xE7, 0xFF, 0xE7, 0xE7, 0xFF, 0xE7, 0xE7, 0xFF, 0xE7, 0xE7, 0xFF, 0xE7, 0xE7, 0xFF, 0xE7, 0xE7, 0xFF, 0xE7,
    0xE7, 0xFF, 0xE7, 0xE4, 0x1F, 0xE7, 0xE0, 0x07, 0xC7, 0xE3, 0xE0, 0x0F, 0xE7, 0xF8, 0x3F, 0xE7, 0xFF, 0xFF,
    0xE7, 0xFF, 0xFF, 0xE7, 0xFF, 0xFF, 0xE7, 0xFF, 0xFF, 0xE7, 0xFF, 0xFF, 0xE7, 0xFF, 0xFF, 0xFF, 0xFF, 0xFF};
static const freeink::Icon icon_mineflag_24 = {24, 24, 10, icon_mineflag_24_bits};
static const uint8_t icon_mineflag_32_bits[] = {
    0xFF, 0xFF, 0xFF, 0xFF, 0xFF, 0x8F, 0xFF, 0xFF, 0xFC, 0x01, 0xFF, 0xFF, 0xF8, 0x00, 0x3E, 0x1F, 0xF0, 0xFC, 0x00,
    0x0F, 0xF1, 0xFF, 0x00, 0x0F, 0xF1, 0xFF, 0xF3, 0x8F, 0xF1, 0xFF, 0xFF, 0x8F, 0xF1, 0xFF, 0xFF, 0x8F, 0xF1, 0xFF,
    0xFF, 0x8F, 0xF1, 0xFF, 0xFF, 0x8F, 0xF1, 0xFF, 0xFF, 0x8F, 0xF1, 0xFF, 0xFF, 0x8F, 0xF1, 0xFF, 0xFF, 0x8F, 0xF1,
    0xFF, 0xFF, 0x8F, 0xF1, 0xFF, 0xFF, 0x8F, 0xF1, 0xFF, 0xFF, 0x8F, 0xF1, 0xCF, 0xFF, 0x8F, 0xF0, 0x00, 0xFF, 0x8F,
    0xF0, 0x00, 0x3F, 0x0F, 0xF0, 0xFC, 0x00, 0x1F, 0xF1, 0xFF, 0x00, 0x3F, 0xF1, 0xFF, 0xF3, 0xFF, 0xF1, 0xFF, 0xFF,
    0xFF, 0xF1, 0xFF, 0xFF, 0xFF, 0xF1, 0xFF, 0xFF, 0xFF, 0xF1, 0xFF, 0xFF, 0xFF, 0xF1, 0xFF, 0xFF, 0xFF, 0xF1, 0xFF,
    0xFF, 0xFF, 0xF1, 0xFF, 0xFF, 0xFF, 0xFB, 0xFF, 0xFF, 0xFF, 0xFF, 0xFF, 0xFF, 0xFF};
static const uint8_t icon_toybattle_24_bits[] = {
    0xFF, 0xFF, 0xFF, 0xFF, 0xFF, 0x0F, 0xFF, 0xFE, 0x07, 0xFF, 0xFC, 0x63, 0xFF, 0xFC, 0xF3, 0xFF, 0xFC, 0xF3,
    0xFF, 0xFC, 0x63, 0xFF, 0xF0, 0x07, 0xF0, 0xC3, 0x0F, 0xE0, 0x0F, 0xFF, 0xC6, 0x3F, 0xFF, 0xCF, 0x3F, 0xFF,
    0xCF, 0x3F, 0xFF, 0xC6, 0x3F, 0xFF, 0xE0, 0x0F, 0xFF, 0xF0, 0xC3, 0x0F, 0xFF, 0xF0, 0x07, 0xFF, 0xFC, 0x63,
    0xFF, 0xFC, 0xF3, 0xFF, 0xFC, 0xF3, 0xFF, 0xFC, 0x63, 0xFF, 0xFE, 0x07, 0xFF, 0xFF, 0x0F, 0xFF, 0xFF, 0xFF};
static const freeink::Icon icon_toybattle_24 = {24, 24, 12, icon_toybattle_24_bits};
static const uint8_t icon_toybattle_32_bits[] = {
    0xFF, 0xFF, 0xFF, 0xFF, 0xFF, 0xFF, 0xFE, 0x7F, 0xFF, 0xFF, 0xF8, 0x1F, 0xFF, 0xFF, 0xF0, 0x0F, 0xFF, 0xFF, 0xE3,
    0xC7, 0xFF, 0xFF, 0xE3, 0xC7, 0xFF, 0xFF, 0xE7, 0xE7, 0xFF, 0xFF, 0xE3, 0xE7, 0xFF, 0xFF, 0xC3, 0xC7, 0xFF, 0xFF,
    0x80, 0x0F, 0xFF, 0xFE, 0x00, 0x0F, 0xF8, 0x18, 0x3C, 0x3F, 0xF0, 0x00, 0x7F, 0xFF, 0xE1, 0x81, 0xFF, 0xFF, 0xE3,
    0xC7, 0xFF, 0xFF, 0xE7, 0xE7, 0xFF, 0xFF, 0xE7, 0xE7, 0xFF, 0xFF, 0xE3, 0xC7, 0xFF, 0xFF, 0xE1, 0x81, 0xFF, 0xFF,
    0xF0, 0x00, 0x7F, 0xFF, 0xF8, 0x18, 0x3C, 0x3F, 0xFF, 0xFE, 0x00, 0x0F, 0xFF, 0xFF, 0x80, 0x0F, 0xFF, 0xFF, 0xC3,
    0xC7, 0xFF, 0xFF, 0xE3, 0xE7, 0xFF, 0xFF, 0xE7, 0xE7, 0xFF, 0xFF, 0xE3, 0xC7, 0xFF, 0xFF, 0xE3, 0xC7, 0xFF, 0xFF,
    0xF0, 0x0F, 0xFF, 0xFF, 0xF8, 0x1F, 0xFF, 0xFF, 0xFE, 0x7F, 0xFF, 0xFF, 0xFF, 0xFF};
static const freeink::Icon icon_toybattle_32 = {32, 32, 16, icon_toybattle_32_bits};
static const freeink::Icon icon_mineflag_32 = {32, 32, 13, icon_mineflag_32_bits};

// Spliced by hand: see the regeneration warning in tools_local/toybox/icons.txt.
// seasalt  (lucide: origami)
static const uint8_t icon_seasalt_24_bits[] = {
    0xFF, 0xFF, 0xFF, 0xFF, 0xFF, 0xFF, 0xFF, 0xF0, 0x0F, 0xFF, 0xE0, 0x07, 0xFF, 0xE3, 0xE7, 0xE1, 0xE3, 0xCF,
    0xE0, 0xE1, 0x1F, 0xE4, 0x60, 0x3F, 0xE6, 0x24, 0x7F, 0xE7, 0x04, 0x7F, 0xE7, 0x86, 0x7F, 0xE7, 0xC7, 0x3F,
    0xE7, 0xE3, 0x3F, 0xE3, 0xF1, 0x9F, 0xF1, 0xF8, 0x8F, 0xF8, 0xFC, 0x4F, 0xE0, 0x7E, 0x07, 0xC0, 0x3F, 0x07,
    0xCF, 0x1F, 0x83, 0xE3, 0x8F, 0xC7, 0xF0, 0x00, 0x07, 0xF8, 0x00, 0x0F, 0xFF, 0xFF, 0xFF, 0xFF, 0xFF, 0xFF};
static const freeink::Icon icon_seasalt_24 = {24, 24, 12, icon_seasalt_24_bits};
static const uint8_t icon_seasalt_32_bits[] = {
    0xFF, 0xFF, 0xFF, 0xFF, 0xFF, 0xFF, 0xFF, 0xFF, 0xFF, 0xFF, 0xFF, 0xFF, 0xFF, 0xFE, 0x00, 0x1F, 0xFF, 0xFE, 0x00,
    0x0F, 0xFF, 0xFE, 0x1F, 0x8F, 0xF8, 0xFE, 0x1F, 0x0F, 0xF0, 0x7E, 0x1E, 0x1F, 0xF0, 0x3E, 0x0C, 0x3F, 0xF1, 0x1E,
    0x00, 0x7F, 0xF1, 0x8E, 0x40, 0xFF, 0xF1, 0xC6, 0x61, 0xFF, 0xF1, 0xE0, 0x63, 0xFF, 0xF1, 0xF0, 0x71, 0xFF, 0xF1,
    0xF8, 0x71, 0xFF, 0xF1, 0xFC, 0x38, 0xFF, 0xF1, 0xFE, 0x3C, 0xFF, 0xF1, 0xFF, 0x1C, 0x7F, 0xF8, 0xFF, 0x8E, 0x3F,
    0xFC, 0x7F, 0xC6, 0x3F, 0xFE, 0x3F, 0xE3, 0x1F, 0xF8, 0x0F, 0xF1, 0x1F, 0xE0, 0x0F, 0xF8, 0x8F, 0xE0, 0x07, 0xFC,
    0x0F, 0xE3, 0xE3, 0xFE, 0x07, 0xE1, 0xF1, 0xFF, 0x07, 0xF0, 0xF0, 0x7F, 0x0F, 0xF8, 0x00, 0x00, 0x0F, 0xFE, 0x00,
    0x00, 0x1F, 0xFF, 0xFF, 0xFF, 0xFF, 0xFF, 0xFF, 0xFF, 0xFF, 0xFF, 0xFF, 0xFF, 0xFF};
static const freeink::Icon icon_seasalt_32 = {32, 32, 16, icon_seasalt_32_bits};

// getbooks  (lucide: library-big)
static const uint8_t icon_getbooks_24_bits[] = {
    0xFF, 0xFF, 0xFF, 0xFF, 0xFF, 0xFF, 0xE0, 0x19, 0xFF, 0xC0, 0x00, 0xFF, 0xCC, 0xC4, 0xFF, 0xCC, 0xCE, 0x7F,
    0xCC, 0xC6, 0x7F, 0xCC, 0xC6, 0x7F, 0xCC, 0xC7, 0x3F, 0xCC, 0xC3, 0x3F, 0xCC, 0xC3, 0x3F, 0xCC, 0xC3, 0x9F,
    0xCC, 0xC9, 0x9F, 0xCC, 0xC9, 0x9F, 0xCC, 0xCD, 0xCF, 0xCC, 0xCC, 0xCF, 0xCC, 0xCC, 0xE7, 0xCC, 0xCE, 0x67,
    0xCC, 0xCE, 0x67, 0xCC, 0xCE, 0x67, 0xC0, 0x0F, 0x07, 0xE0, 0x1F, 0x1F, 0xFF, 0xFF, 0xFF, 0xFF, 0xFF, 0xFF};
static const freeink::Icon icon_getbooks_24 = {24, 24, 12, icon_getbooks_24_bits};
static const uint8_t icon_getbooks_32_bits[] = {
    0xFF, 0xFF, 0xFF, 0xFF, 0xFF, 0xFF, 0xFF, 0xFF, 0xFF, 0xFF, 0xFF, 0xFF, 0xF0, 0x01, 0x0F, 0xFF, 0xE0, 0x00, 0x07,
    0xFF, 0xE7, 0x18, 0x07, 0xFF, 0xE7, 0x18, 0xE3, 0xFF, 0xE7, 0x18, 0xE3, 0xFF, 0xE7, 0x18, 0x71, 0xFF, 0xE7, 0x18,
    0x71, 0xFF, 0xE7, 0x18, 0x79, 0xFF, 0xE7, 0x18, 0x38, 0xFF, 0xE7, 0x18, 0x38, 0xFF, 0xE7, 0x18, 0x1C, 0xFF, 0xE7,
    0x18, 0x1C, 0x7F, 0xE7, 0x18, 0x9C, 0x7F, 0xE7, 0x18, 0x8E, 0x7F, 0xE7, 0x18, 0x8E, 0x3F, 0xE7, 0x18, 0xCE, 0x3F,
    0xE7, 0x18, 0xC7, 0x3F, 0xE7, 0x18, 0xC7, 0x1F, 0xE7, 0x18, 0xE7, 0x9F, 0xE7, 0x18, 0xE3, 0x8F, 0xE7, 0x18, 0xE3,
    0x8F, 0xE7, 0x18, 0xF1, 0xCF, 0xE7, 0x18, 0xF1, 0xCF, 0xE7, 0x18, 0xF8, 0x0F, 0xE0, 0x00, 0xF8, 0x0F, 0xF0, 0x01,
    0xFC, 0x3F, 0xFF, 0xFF, 0xFF, 0xFF, 0xFF, 0xFF, 0xFF, 0xFF, 0xFF, 0xFF, 0xFF, 0xFF};
static const freeink::Icon icon_getbooks_32 = {32, 32, 16, icon_getbooks_32_bits};
// Spliced by hand: see the regeneration warning in tools_local/toybox/icons.txt.
// FOREHEAD and its category marks, 32px only -- the picker rows and the shelf
// row are the only places they are drawn, and both draw at 32.
// forehead  (lucide: hourglass)
static const uint8_t icon_forehead_32_bits[] = {
    0xFF, 0xFF, 0xFF, 0xFF, 0xFC, 0x00, 0x00, 0x3F, 0xF8, 0x00, 0x00, 0x1F, 0xFC, 0x00, 0x00, 0x3F, 0xFF, 0x1F, 0xF8,
    0xFF, 0xFF, 0x1F, 0xF8, 0xFF, 0xFF, 0x1F, 0xF8, 0xFF, 0xFF, 0x1F, 0xF8, 0xFF, 0xFF, 0x1F, 0xF8, 0xFF, 0xFF, 0x1F,
    0xF8, 0xFF, 0xFF, 0x8F, 0xF1, 0xFF, 0xFF, 0xC7, 0xE3, 0xFF, 0xFF, 0xE3, 0xC7, 0xFF, 0xFF, 0xF1, 0x8F, 0xFF, 0xFF,
    0xF8, 0x1F, 0xFF, 0xFF, 0xFC, 0x3F, 0xFF, 0xFF, 0xFC, 0x3F, 0xFF, 0xFF, 0xF8, 0x1F, 0xFF, 0xFF, 0xF1, 0x8F, 0xFF,
    0xFF, 0xE3, 0xC7, 0xFF, 0xFF, 0xC7, 0xE3, 0xFF, 0xFF, 0x8F, 0xF1, 0xFF, 0xFF, 0x1F, 0xF8, 0xFF, 0xFF, 0x1F, 0xF8,
    0xFF, 0xFF, 0x1F, 0xF8, 0xFF, 0xFF, 0x1F, 0xF8, 0xFF, 0xFF, 0x1F, 0xF8, 0xFF, 0xFF, 0x1F, 0xF8, 0xFF, 0xFC, 0x00,
    0x00, 0x3F, 0xF8, 0x00, 0x00, 0x1F, 0xFC, 0x00, 0x00, 0x3F, 0xFF, 0xFF, 0xFF, 0xFF};
static const freeink::Icon icon_forehead_32 = {32, 32, 16, icon_forehead_32_bits};

static const uint8_t icon_trivia_24_bits[] = {
    0xFF, 0xFF, 0xFF, 0xFE, 0x18, 0x7F, 0xFC, 0x00, 0x3F, 0xF8, 0xC3, 0x1F, 0xF9, 0xE7, 0x9F, 0xF1, 0xE7, 0x8F,
    0xE1, 0xE7, 0x87, 0xCF, 0xE7, 0xF3, 0xCF, 0xE7, 0xF3, 0xCF, 0xE7, 0xF3, 0xC7, 0xE7, 0xE3, 0xCF, 0xC3, 0xF3,
    0x9F, 0x00, 0xF9, 0x9F, 0x24, 0xF9, 0x9F, 0xE7, 0xF9, 0x9F, 0xE7, 0xF9, 0xC7, 0xE7, 0xE3, 0xE1, 0xE7, 0x87,
    0xE1, 0xE7, 0x87, 0xE7, 0xE7, 0xE7, 0xF3, 0xC3, 0xCF, 0xF8, 0x18, 0x1F, 0xFC, 0x3C, 0x3F, 0xFF, 0xFF, 0xFF};
static const freeink::Icon icon_trivia_24 = {24, 24, 12, icon_trivia_24_bits};
static const uint8_t icon_trivia_32_bits[] = {
    0xFF, 0xFF, 0xFF, 0xFF, 0xFF, 0xE7, 0xE7, 0xFF, 0xFF, 0x81, 0x81, 0xFF, 0xFF, 0x00, 0x00, 0xFF, 0xFE, 0x3C, 0x3C,
    0x7F, 0xFE, 0x3C, 0x3C, 0x7F, 0xFC, 0x7E, 0x7E, 0x3F, 0xF8, 0x7E, 0x7C, 0x1F, 0xF0, 0x3E, 0x7C, 0x0F, 0xE3, 0x7E,
    0x7E, 0xC7, 0xE3, 0xFE, 0x7F, 0xC7, 0xE7, 0xFE, 0x7F, 0xE7, 0xE7, 0xFC, 0x3F, 0xE7, 0xE3, 0xFC, 0x3F, 0xC7, 0xE3,
    0xFC, 0x3F, 0xC7, 0xC3, 0xF8, 0x1F, 0xC3, 0xC7, 0xE0, 0x07, 0xE3, 0xCF, 0xE0, 0x07, 0xF3, 0x8F, 0xFE, 0x7F, 0xF1,
    0xCF, 0xFE, 0x7F, 0xF1, 0xCF, 0xFE, 0x7F, 0xF3, 0xC7, 0xFE, 0x7F, 0xE3, 0xE1, 0xFE, 0x7F, 0x87, 0xF0, 0x7E, 0x7E,
    0x0F, 0xF0, 0x7E, 0x7E, 0x0F, 0xF1, 0xFC, 0x3F, 0x8F, 0xF8, 0xFC, 0x3F, 0x1F, 0xF8, 0x78, 0x1E, 0x1F, 0xFC, 0x01,
    0x80, 0x3F, 0xFE, 0x03, 0xC0, 0x7F, 0xFF, 0xDF, 0xFB, 0xFF, 0xFF, 0xFF, 0xFF, 0xFF};
static const freeink::Icon icon_trivia_32 = {32, 32, 16, icon_trivia_32_bits};

// cat_animals  (lucide: paw-print)
static const uint8_t icon_cat_animals_32_bits[] = {
    0xFF, 0xFF, 0xFF, 0xFF, 0xFF, 0xFD, 0xFF, 0xFF, 0xFF, 0xF0, 0x7F, 0xFF, 0xFF, 0xE0, 0x3F, 0xFF, 0xFF, 0xE3, 0x3F,
    0xFF, 0xFF, 0xE7, 0x1F, 0xFF, 0xFF, 0xE2, 0x3F, 0xFF, 0xFF, 0xE0, 0x3C, 0x3F, 0xFF, 0xF0, 0x78, 0x1F, 0xFF, 0xFF,
    0xF1, 0x8F, 0xFF, 0xFF, 0xF1, 0x8F, 0xFF, 0xFF, 0xF1, 0x8F, 0xF8, 0x03, 0xF8, 0x1F, 0xF0, 0x00, 0x78, 0x1F, 0xE0,
    0x00, 0x3F, 0xFF, 0xC7, 0xFE, 0x1F, 0xFF, 0xCF, 0xFF, 0x1F, 0xFF, 0x8F, 0xFF, 0x9F, 0xDF, 0x8F, 0xFF, 0x8F, 0x07,
    0xCF, 0xFF, 0x8E, 0x03, 0xC7, 0xFF, 0x8E, 0x33, 0xE1, 0xFF, 0x8E, 0x71, 0xF0, 0x7F, 0x8E, 0x23, 0xF8, 0x3F, 0x8E,
    0x03, 0xFE, 0x3F, 0x8F, 0x07, 0xFF, 0x1F, 0x8F, 0xFF, 0xFF, 0x1F, 0x8F, 0xFF, 0xFF, 0x8F, 0x1F, 0xFF, 0xFF, 0xC0,
    0x3F, 0xFF, 0xFF, 0xE0, 0x7F, 0xFF, 0xFF, 0xF9, 0xFF, 0xFF, 0xFF, 0xFF, 0xFF, 0xFF};
static const freeink::Icon icon_cat_animals_32 = {32, 32, 16, icon_cat_animals_32_bits};

// cat_act  (lucide: person-standing)
static const uint8_t icon_cat_act_32_bits[] = {
    0xFF, 0xFF, 0xFF, 0xFF, 0xFF, 0xFF, 0xFF, 0xFF, 0xFF, 0xFF, 0xFF, 0xFF, 0xFF, 0xFF, 0xFF, 0xFF, 0xFF, 0xFE, 0x7F,
    0xFF, 0xFF, 0xFC, 0x3F, 0xFF, 0xFF, 0xF8, 0x1F, 0xFF, 0xFF, 0xFC, 0x3F, 0xFF, 0xFF, 0xFC, 0x3F, 0xFF, 0xFF, 0xFF,
    0xFF, 0xFF, 0xFE, 0x0F, 0xF0, 0x7F, 0xFE, 0x01, 0x80, 0x7F, 0xFF, 0x80, 0x01, 0xFF, 0xFF, 0xF0, 0x0F, 0xFF, 0xFF,
    0xFE, 0x7F, 0xFF, 0xFF, 0xFE, 0x7F, 0xFF, 0xFF, 0xFE, 0x7F, 0xFF, 0xFF, 0xFE, 0x7F, 0xFF, 0xFF, 0xFC, 0x3F, 0xFF,
    0xFF, 0xFC, 0x3F, 0xFF, 0xFF, 0xFC, 0x3F, 0xFF, 0xFF, 0xF8, 0x1F, 0xFF, 0xFF, 0xF8, 0x1F, 0xFF, 0xFF, 0xF1, 0x8F,
    0xFF, 0xFF, 0xF1, 0x8F, 0xFF, 0xFF, 0xE3, 0xC7, 0xFF, 0xFF, 0xE3, 0xC7, 0xFF, 0xFF, 0xE7, 0xE7, 0xFF, 0xFF, 0xFF,
    0xFF, 0xFF, 0xFF, 0xFF, 0xFF, 0xFF, 0xFF, 0xFF, 0xFF, 0xFF, 0xFF, 0xFF, 0xFF, 0xFF};
static const freeink::Icon icon_cat_act_32 = {32, 32, 15, icon_cat_act_32_bits};

// cat_sound  (lucide: volume-2)
static const uint8_t icon_cat_sound_32_bits[] = {
    0xFF, 0xFF, 0xFF, 0xFF, 0xFF, 0xFF, 0xFF, 0xFF, 0xFF, 0xFF, 0xFF, 0xFF, 0xFF, 0xFF, 0xFF, 0xFF, 0xFF, 0xF9, 0xFF,
    0xFF, 0xFF, 0xE0, 0xFF, 0xFF, 0xFF, 0xC0, 0xFF, 0xBF, 0xFF, 0x80, 0xFF, 0x9F, 0xFF, 0x08, 0xFF, 0x8F, 0xF0, 0x18,
    0xFF, 0xC7, 0xC0, 0x38, 0xFF, 0xE7, 0xC0, 0x78, 0xF1, 0xE3, 0x8F, 0xF8, 0xF1, 0xE3, 0x8F, 0xF8, 0xF8, 0xF3, 0x8F,
    0xF8, 0xF8, 0xF3, 0x8F, 0xF8, 0xF8, 0xF1, 0x8F, 0xF8, 0xF8, 0xF1, 0x8F, 0xF8, 0xF8, 0xF3, 0x8F, 0xF8, 0xF9, 0xF3,
    0x8F, 0xF8, 0xF1, 0xE3, 0xC0, 0x78, 0xF1, 0xE3, 0xC0, 0x38, 0xFF, 0xE7, 0xF0, 0x18, 0xFF, 0xC7, 0xFF, 0x08, 0xFF,
    0x8F, 0xFF, 0x80, 0xFF, 0x9F, 0xFF, 0xC0, 0xFF, 0xBF, 0xFF, 0xE0, 0xFF, 0xFF, 0xFF, 0xF9, 0xFF, 0xFF, 0xFF, 0xFF,
    0xFF, 0xFF, 0xFF, 0xFF, 0xFF, 0xFF, 0xFF, 0xFF, 0xFF, 0xFF, 0xFF, 0xFF, 0xFF, 0xFF};
static const freeink::Icon icon_cat_sound_32 = {32, 32, 15, icon_cat_sound_32_bits};

// cat_food  (lucide: utensils-crossed)
static const uint8_t icon_cat_food_32_bits[] = {
    0xFF, 0xFF, 0xFF, 0xFF, 0xFF, 0xFF, 0xFB, 0xFF, 0xFF, 0xFF, 0xF1, 0xFF, 0xF7, 0xFF, 0xE3, 0xFF, 0xE3, 0xFF, 0xC7,
    0xFF, 0xC1, 0xFF, 0x8F, 0xBF, 0xC0, 0xFF, 0x1F, 0x1F, 0xCC, 0x7F, 0x1E, 0x3F, 0x8E, 0x3F, 0x3C, 0x7F, 0xCF, 0x1F,
    0x18, 0xFB, 0xC7, 0x8F, 0x01, 0xF1, 0xC7, 0xC7, 0x83, 0xE3, 0xE3, 0xE3, 0x83, 0xC7, 0xF1, 0xF1, 0x81, 0x0F, 0xF8,
    0xF8, 0x00, 0x1F, 0xFC, 0x7C, 0x38, 0x3F, 0xFE, 0x3E, 0x3F, 0xFF, 0xFF, 0x1F, 0x1F, 0xFF, 0xFF, 0x8F, 0x8F, 0xFF,
    0xFF, 0xC7, 0xC7, 0xFF, 0xFF, 0xC3, 0xC3, 0xFF, 0xFF, 0x80, 0x01, 0xFF, 0xFF, 0x18, 0x18, 0xFF, 0xFE, 0x3C, 0x3C,
    0x7F, 0xFC, 0x7F, 0xFE, 0x3F, 0xF8, 0xFF, 0xFF, 0x1F, 0xF1, 0xFF, 0xFF, 0x8F, 0xE3, 0xFF, 0xFF, 0xC7, 0xC7, 0xFF,
    0xFF, 0xE3, 0xCF, 0xFF, 0xFF, 0xF1, 0xFF, 0xFF, 0xFF, 0xFB, 0xFF, 0xFF, 0xFF, 0xFF};
static const freeink::Icon icon_cat_food_32 = {32, 32, 15, icon_cat_food_32_bits};

// cat_movies  (lucide: clapperboard)
static const uint8_t icon_cat_movies_32_bits[] = {
    0xFF, 0xFF, 0xFF, 0xFF, 0xFF, 0xFF, 0xFE, 0xFF, 0xFF, 0xFF, 0xE0, 0x3F, 0xFF, 0xFE, 0x00, 0x1F, 0xFF, 0xF0, 0x07,
    0x1F, 0xFF, 0x80, 0x1F, 0x9F, 0xFC, 0x01, 0x1F, 0x8F, 0xE0, 0x1F, 0x8F, 0x0F, 0xC0, 0x1F, 0xC0, 0x0F, 0xC7, 0x8F,
    0x80, 0x3F, 0x8F, 0x84, 0x01, 0xFF, 0xCF, 0xC0, 0x1F, 0xFF, 0xC6, 0x00, 0xFF, 0xFF, 0xC0, 0x00, 0x00, 0x0F, 0xC0,
    0x00, 0x00, 0x07, 0xE0, 0x00, 0x00, 0x07, 0xE7, 0xFF, 0xFF, 0xE7, 0xE7, 0xFF, 0xFF, 0xE7, 0xE7, 0xFF, 0xFF, 0xE7,
    0xE7, 0xFF, 0xFF, 0xE7, 0xE7, 0xFF, 0xFF, 0xE7, 0xE7, 0xFF, 0xFF, 0xE7, 0xE7, 0xFF, 0xFF, 0xE7, 0xE7, 0xFF, 0xFF,
    0xE7, 0xE7, 0xFF, 0xFF, 0xE7, 0xE7, 0xFF, 0xFF, 0xE7, 0xE3, 0xFF, 0xFF, 0xC7, 0xE0, 0x00, 0x00, 0x07, 0xF0, 0x00,
    0x00, 0x0F, 0xFF, 0xFF, 0xFF, 0xFF, 0xFF, 0xFF, 0xFF, 0xFF, 0xFF, 0xFF, 0xFF, 0xFF};
static const freeink::Icon icon_cat_movies_32 = {32, 32, 14, icon_cat_movies_32_bits};

// cat_people  (lucide: user-round)
static const uint8_t icon_cat_people_32_bits[] = {
    0xFF, 0xFF, 0xFF, 0xFF, 0xFF, 0xFF, 0xFF, 0xFF, 0xFF, 0xFF, 0xFF, 0xFF, 0xFF, 0xF8, 0x1F, 0xFF, 0xFF, 0xE0, 0x07,
    0xFF, 0xFF, 0xC3, 0xC3, 0xFF, 0xFF, 0x87, 0xE1, 0xFF, 0xFF, 0x8F, 0xF1, 0xFF, 0xFF, 0x1F, 0xF8, 0xFF, 0xFF, 0x1F,
    0xF8, 0xFF, 0xFF, 0x1F, 0xF8, 0xFF, 0xFF, 0x1F, 0xF8, 0xFF, 0xFF, 0x1F, 0xF8, 0xFF, 0xFF, 0x9F, 0xF9, 0xFF, 0xFF,
    0x8F, 0xF1, 0xFF, 0xFF, 0xC3, 0xC3, 0xFF, 0xFF, 0xE0, 0x07, 0xFF, 0xFF, 0xC0, 0x03, 0xFF, 0xFF, 0x80, 0x01, 0xFF,
    0xFF, 0x0F, 0xF0, 0xFF, 0xFE, 0x3F, 0xFC, 0x7F, 0xFC, 0x7F, 0xFE, 0x3F, 0xF8, 0xFF, 0xFF, 0x1F, 0xF8, 0xFF, 0xFF,
    0x1F, 0xF9, 0xFF, 0xFF, 0x9F, 0xF1, 0xFF, 0xFF, 0x8F, 0xF1, 0xFF, 0xFF, 0x8F, 0xF1, 0xFF, 0xFF, 0x8F, 0xF3, 0xFF,
    0xFF, 0xCF, 0xFF, 0xFF, 0xFF, 0xFF, 0xFF, 0xFF, 0xFF, 0xFF, 0xFF, 0xFF, 0xFF, 0xFF};
static const freeink::Icon icon_cat_people_32 = {32, 32, 15, icon_cat_people_32_bits};

// cat_music  (lucide: music)
static const uint8_t icon_cat_music_32_bits[] = {
    0xFF, 0xFF, 0xFF, 0xFF, 0xFF, 0xFF, 0xFF, 0xFF, 0xFF, 0xFF, 0xFF, 0xFF, 0xFF, 0xFF, 0xFE, 0x07, 0xFF, 0xFF, 0xC0,
    0x07, 0xFF, 0xF0, 0x00, 0x07, 0xFF, 0xE0, 0x07, 0xE7, 0xFF, 0xE1, 0xFF, 0xE7, 0xFF, 0xE7, 0xFF, 0xE7, 0xFF, 0xE7,
    0xFF, 0xE7, 0xFF, 0xE7, 0xFF, 0xE7, 0xFF, 0xE7, 0xFF, 0xE7, 0xFF, 0xE7, 0xFF, 0xE7, 0xFF, 0xE7, 0xFF, 0xE7, 0xFF,
    0xE7, 0xFF, 0xE7, 0xFF, 0xE7, 0xFF, 0xE7, 0xFF, 0xE7, 0xFC, 0x07, 0xFF, 0xE7, 0xF0, 0x07, 0xFF, 0xE7, 0xF0, 0x07,
    0xF8, 0x07, 0xE3, 0xC7, 0xF0, 0x07, 0xE7, 0xC7, 0xE1, 0x87, 0xE7, 0xE7, 0xE3, 0xC7, 0xE3, 0xC7, 0xE7, 0xC7, 0xE3,
    0xC7, 0xE7, 0xE7, 0xF0, 0x0F, 0xE3, 0xC7, 0xF8, 0x1F, 0xE1, 0x87, 0xFE, 0x7F, 0xF0, 0x0F, 0xFF, 0xFF, 0xF8, 0x1F,
    0xFF, 0xFF, 0xFF, 0xFF, 0xFF, 0xFF, 0xFF, 0xFF, 0xFF, 0xFF, 0xFF, 0xFF, 0xFF, 0xFF};
static const freeink::Icon icon_cat_music_32 = {32, 32, 16, icon_cat_music_32_bits};

// cat_jobs  (lucide: briefcase)
static const uint8_t icon_cat_jobs_32_bits[] = {
    0xFF, 0xFF, 0xFF, 0xFF, 0xFF, 0xF8, 0x1F, 0xFF, 0xFF, 0xE0, 0x07, 0xFF, 0xFF, 0xC0, 0x03, 0xFF, 0xFF, 0xCF, 0xF3,
    0xFF, 0xFF, 0x8F, 0xF1, 0xFF, 0xFF, 0x8F, 0xF1, 0xFF, 0xE0, 0x00, 0x00, 0x07, 0xC0, 0x00, 0x00, 0x03, 0xC7, 0x8F,
    0xF1, 0xE3, 0x8F, 0x8F, 0xF1, 0xF1, 0x8F, 0x8F, 0xF1, 0xF1, 0x8F, 0x8F, 0xF1, 0xF1, 0x8F, 0x8F, 0xF1, 0xF1, 0x8F,
    0x8F, 0xF1, 0xF1, 0x8F, 0x8F, 0xF1, 0xF1, 0x8F, 0x8F, 0xF1, 0xF1, 0x8F, 0x8F, 0xF1, 0xF1, 0x8F, 0x8F, 0xF1, 0xF1,
    0x8F, 0x8F, 0xF1, 0xF1, 0x8F, 0x8F, 0xF1, 0xF1, 0x8F, 0x8F, 0xF1, 0xF1, 0x8F, 0x8F, 0xF1, 0xF1, 0x8F, 0x8F, 0xF1,
    0xF1, 0xCF, 0x8F, 0xF1, 0xF3, 0xC0, 0x00, 0x00, 0x03, 0xC0, 0x00, 0x00, 0x03, 0xF0, 0x00, 0x00, 0x0F, 0xFF, 0xFF,
    0xFF, 0xFF, 0xFF, 0xFF, 0xFF, 0xFF, 0xFF, 0xFF, 0xFF, 0xFF, 0xFF, 0xFF, 0xFF, 0xFF};
static const freeink::Icon icon_cat_jobs_32 = {32, 32, 16, icon_cat_jobs_32_bits};

// cat_sports  (lucide: trophy)
static const uint8_t icon_cat_sports_32_bits[] = {
    0xFF, 0xFF, 0xFF, 0xFF, 0xFF, 0x80, 0x01, 0xFF, 0xFE, 0x00, 0x00, 0x7F, 0xFE, 0x00, 0x00, 0x7F, 0xF0, 0x7F, 0xFE,
    0x0F, 0xE0, 0x7F, 0xFE, 0x07, 0xC0, 0x7F, 0xFE, 0x03, 0xCE, 0x7F, 0xFE, 0x73, 0x8E, 0x7F, 0xFE, 0x71, 0xCE, 0x7F,
    0xFE, 0x73, 0xC6, 0x7F, 0xFE, 0x63, 0xC0, 0x7F, 0xFE, 0x03, 0xF0, 0x7F, 0xFE, 0x0F, 0xFE, 0x7F, 0xFE, 0x7F, 0xFE,
    0x3F, 0xFC, 0x7F, 0xFE, 0x3F, 0xFC, 0x7F, 0xFF, 0x1F, 0xF8, 0xFF, 0xFF, 0x8F, 0xF1, 0xFF, 0xFF, 0x81, 0x81, 0xFF,
    0xFF, 0xE0, 0x07, 0xFF, 0xFF, 0xF0, 0x0F, 0xFF, 0xFF, 0xF1, 0x8F, 0xFF, 0xFF, 0xF3, 0xCF, 0xFF, 0xFF, 0xE3, 0xC7,
    0xFF, 0xFF, 0xC7, 0xE3, 0xFF, 0xFF, 0x8F, 0xF1, 0xFF, 0xFF, 0x9F, 0xF9, 0xFF, 0xFF, 0x1F, 0xF8, 0xFF, 0xF0, 0x00,
    0x00, 0x0F, 0xF0, 0x00, 0x00, 0x0F, 0xF8, 0x00, 0x00, 0x1F, 0xFF, 0xFF, 0xFF, 0xFF};
static const freeink::Icon icon_cat_sports_32 = {32, 32, 15, icon_cat_sports_32_bits};

// cat_house  (lucide: lamp)
static const uint8_t icon_cat_house_32_bits[] = {
    0xFF, 0xFF, 0xFF, 0xFF, 0xFF, 0xE0, 0x07, 0xFF, 0xFF, 0x80, 0x01, 0xFF, 0xFF, 0x80, 0x01, 0xFF, 0xFF, 0x1F, 0xF8,
    0xFF, 0xFF, 0x3F, 0xFC, 0xFF, 0xFE, 0x3F, 0xFC, 0x7F, 0xFE, 0x3F, 0xFC, 0x7F, 0xFC, 0x7F, 0xFE, 0x3F, 0xFC, 0x7F,
    0xFE, 0x3F, 0xFC, 0xFF, 0xFF, 0x3F, 0xF8, 0xFF, 0xFF, 0x1F, 0xF9, 0xFF, 0xFF, 0x9F, 0xF1, 0xFF, 0xFF, 0x8F, 0xF1,
    0xFF, 0xFF, 0x8F, 0xF0, 0x00, 0x00, 0x0F, 0xF8, 0x00, 0x00, 0x1F, 0xFF, 0xFE, 0x7F, 0xFF, 0xFF, 0xFE, 0x7F, 0xFF,
    0xFF, 0xFE, 0x7F, 0xFF, 0xFF, 0xFE, 0x7F, 0xFF, 0xFF, 0xFE, 0x7F, 0xFF, 0xFF, 0xFE, 0x7F, 0xFF, 0xFF, 0xE0, 0x07,
    0xFF, 0xFF, 0xC0, 0x03, 0xFF, 0xFF, 0xC7, 0xE3, 0xFF, 0xFF, 0x8F, 0xF1, 0xFF, 0xFF, 0x8F, 0xF1, 0xFF, 0xFF, 0xC0,
    0x03, 0xFF, 0xFF, 0xC0, 0x03, 0xFF, 0xFF, 0xF0, 0x0F, 0xFF, 0xFF, 0xFF, 0xFF, 0xFF};
static const freeink::Icon icon_cat_house_32 = {32, 32, 15, icon_cat_house_32_bits};

// cat_places  (lucide: map-pin)
static const uint8_t icon_cat_places_32_bits[] = {
    0xFF, 0xFF, 0xFF, 0xFF, 0xFF, 0xFE, 0x7F, 0xFF, 0xFF, 0xE0, 0x07, 0xFF, 0xFF, 0x80, 0x01, 0xFF, 0xFF, 0x07, 0xE0,
    0xFF, 0xFE, 0x1F, 0xF8, 0x7F, 0xFC, 0x3F, 0xFC, 0x3F, 0xFC, 0x7F, 0xFE, 0x3F, 0xF8, 0xFC, 0x3F, 0x1F, 0xF9, 0xF0,
    0x0F, 0x9F, 0xF1, 0xF0, 0x0F, 0x8F, 0xF1, 0xE3, 0xC7, 0x8F, 0xF1, 0xE7, 0xE7, 0x8F, 0xF1, 0xE7, 0xE7, 0x8F, 0xF1,
    0xE3, 0xC7, 0x8F, 0xF1, 0xE3, 0xC7, 0x8F, 0xF9, 0xF0, 0x0F, 0x9F, 0xF8, 0xF8, 0x1F, 0x1F, 0xF8, 0xFE, 0x7F, 0x1F,
    0xFC, 0x7F, 0xFE, 0x3F, 0xFC, 0x7F, 0xFE, 0x3F, 0xFE, 0x3F, 0xFC, 0x7F, 0xFF, 0x1F, 0xF8, 0xFF, 0xFF, 0x1F, 0xF8,
    0xFF, 0xFF, 0x8F, 0xF1, 0xFF, 0xFF, 0xC7, 0xE3, 0xFF, 0xFF, 0xE3, 0xC7, 0xFF, 0xFF, 0xF1, 0x8F, 0xFF, 0xFF, 0xF8,
    0x1F, 0xFF, 0xFF, 0xFC, 0x3F, 0xFF, 0xFF, 0xFF, 0xFF, 0xFF, 0xFF, 0xFF, 0xFF, 0xFF};
static const freeink::Icon icon_cat_places_32 = {32, 32, 14, icon_cat_places_32_bits};

// cat_nature  (lucide: trees)
static const uint8_t icon_cat_nature_32_bits[] = {
    0xFF, 0xFF, 0xFF, 0xFF, 0xFF, 0xFF, 0xFF, 0xFF, 0xFF, 0xFF, 0xFF, 0xFF, 0xFF, 0xFF, 0x1F, 0xFF, 0xFF, 0xFE, 0x0F,
    0xFF, 0xFF, 0xFC, 0x0F, 0xFF, 0xFF, 0xFC, 0x47, 0xFF, 0xFF, 0xFF, 0xE3, 0xFF, 0xFE, 0x1F, 0xF1, 0xFF, 0xFC, 0x07,
    0xF8, 0xFF, 0xF8, 0x03, 0xF8, 0xFF, 0xF1, 0xE3, 0xF0, 0xFF, 0xF1, 0xF1, 0xF0, 0xFF, 0xE1, 0xF1, 0xF8, 0xFF, 0xC3,
    0xF8, 0xFC, 0x7F, 0xC7, 0xFC, 0x7E, 0x3F, 0xCF, 0xFC, 0x7F, 0x1F, 0xCF, 0xFE, 0x7F, 0x1F, 0xCF, 0xFC, 0x7E, 0x1F,
    0xC7, 0xF8, 0x7E, 0x1F, 0xE0, 0x00, 0xFF, 0x1F, 0xF0, 0x01, 0xFF, 0x8F, 0xFC, 0x0F, 0xFF, 0xC7, 0xFF, 0x1F, 0xFF,
    0xE3, 0xFF, 0x1E, 0x00, 0x07, 0xFF, 0x1E, 0x00, 0x07, 0xFF, 0x1F, 0x00, 0x1F, 0xFF, 0x1F, 0x1F, 0xFF, 0xFF, 0x1F,
    0x1F, 0xFF, 0xFF, 0x1F, 0x1F, 0xFF, 0xFF, 0xBF, 0xBF, 0xFF, 0xFF, 0xFF, 0xFF, 0xFF};
static const freeink::Icon icon_cat_nature_32 = {32, 32, 17, icon_cat_nature_32_bits};

// cat_science  (lucide: rocket)
static const uint8_t icon_cat_science_32_bits[] = {
    0xFF, 0xFF, 0xFF, 0xFF, 0xFF, 0xFF, 0xFF, 0xF3, 0xFF, 0xFF, 0xFE, 0x01, 0xFF, 0xFF, 0xF8, 0x01, 0xFF, 0xFF, 0xE0,
    0x73, 0xFF, 0xFF, 0xC3, 0xF3, 0xFF, 0xFF, 0x07, 0xF3, 0xFF, 0xFF, 0x1F, 0xE3, 0xFF, 0xFE, 0x3F, 0xE3, 0xFF, 0x00,
    0x7F, 0xE7, 0xFC, 0x00, 0xFF, 0xC7, 0xFC, 0x70, 0xFF, 0x8F, 0xF8, 0xF1, 0xFF, 0x8F, 0xF9, 0xF1, 0xFF, 0x1F, 0xF1,
    0xE3, 0xFE, 0x3F, 0xF0, 0x03, 0xFC, 0x7F, 0xF0, 0x03, 0xF0, 0xFF, 0xFF, 0xE1, 0xC1, 0xFF, 0xFF, 0xF8, 0x01, 0xFF,
    0xFF, 0xFC, 0x01, 0xFF, 0xFC, 0x3C, 0x39, 0xFF, 0xF8, 0x1E, 0x79, 0xFF, 0xF0, 0x0E, 0x79, 0xFF, 0xE3, 0x8E, 0x71,
    0xFF, 0xE3, 0x8E, 0x63, 0xFF, 0xE7, 0x8E, 0x03, 0xFF, 0xC6, 0x1E, 0x0F, 0xFF, 0xC0, 0x3E, 0x3F, 0xFF, 0xC0, 0x7F,
    0xFF, 0xFF, 0xC7, 0xFF, 0xFF, 0xFF, 0xFF, 0xFF, 0xFF, 0xFF, 0xFF, 0xFF, 0xFF, 0xFF};
static const freeink::Icon icon_cat_science_32 = {32, 32, 16, icon_cat_science_32_bits};

// cat_myths  (lucide: ghost)
static const uint8_t icon_cat_myths_32_bits[] = {
    0xFF, 0xFF, 0xFF, 0xFF, 0xFF, 0xFE, 0x7F, 0xFF, 0xFF, 0xE0, 0x07, 0xFF, 0xFF, 0x80, 0x01, 0xFF, 0xFF, 0x07, 0xE0,
    0xFF, 0xFE, 0x1F, 0xF8, 0x7F, 0xFC, 0x3F, 0xFC, 0x3F, 0xFC, 0x7F, 0xFE, 0x3F, 0xF8, 0xFF, 0xFF, 0x1F, 0xF9, 0xFF,
    0xFF, 0x9F, 0xF1, 0xFF, 0xFF, 0x8F, 0xF1, 0xFF, 0xFF, 0x8F, 0xF1, 0xE7, 0xE7, 0x8F, 0xF1, 0xE7, 0xE7, 0x8F, 0xF1,
    0xFF, 0xFF, 0x8F, 0xF1, 0xFF, 0xFF, 0x8F, 0xF1, 0xFF, 0xFF, 0x8F, 0xF1, 0xFF, 0xFF, 0x8F, 0xF1, 0xFF, 0xFF, 0x8F,
    0xF1, 0xFF, 0xFF, 0x8F, 0xF1, 0xFF, 0xFF, 0x8F, 0xF1, 0xFF, 0xFF, 0x8F, 0xF1, 0xFF, 0xFF, 0x8F, 0xF1, 0xFF, 0xFF,
    0x8F, 0xF1, 0x3E, 0x7C, 0x8F, 0xF0, 0x1C, 0x38, 0x0F, 0xF0, 0x08, 0x10, 0x0F, 0xF0, 0x40, 0x02, 0x0F, 0xF0, 0xE1,
    0x87, 0x0F, 0xF1, 0xF3, 0xCF, 0x8F, 0xFB, 0xFF, 0xFF, 0xDF, 0xFF, 0xFF, 0xFF, 0xFF};
static const freeink::Icon icon_cat_myths_32 = {32, 32, 17, icon_cat_myths_32_bits};

// cat_story  (lucide: book-open)
static const uint8_t icon_cat_story_32_bits[] = {
    0xFF, 0xFF, 0xFF, 0xFF, 0xFF, 0xFF, 0xFF, 0xFF, 0xFF, 0xFF, 0xFF, 0xFF, 0xC0, 0x03, 0xC0, 0x03, 0xC0, 0x01, 0x80,
    0x03, 0x8F, 0xF0, 0x0F, 0xF1, 0x8F, 0xFC, 0x3F, 0xF1, 0x8F, 0xFC, 0x3F, 0xF1, 0x8F, 0xFE, 0x7F, 0xF1, 0x8F, 0xFE,
    0x7F, 0xF1, 0x8F, 0xFE, 0x7F, 0xF1, 0x8F, 0xFE, 0x7F, 0xF1, 0x8F, 0xFE, 0x7F, 0xF1, 0x8F, 0xFE, 0x7F, 0xF1, 0x8F,
    0xFE, 0x7F, 0xF1, 0x8F, 0xFE, 0x7F, 0xF1, 0x8F, 0xFE, 0x7F, 0xF1, 0x8F, 0xFE, 0x7F, 0xF1, 0x8F, 0xFE, 0x7F, 0xF1,
    0x8F, 0xFE, 0x7F, 0xF1, 0x8F, 0xFE, 0x7F, 0xF1, 0x8F, 0xFE, 0x7F, 0xF1, 0x8F, 0xFE, 0x7F, 0xF1, 0xC0, 0x00, 0x00,
    0x03, 0xC0, 0x00, 0x00, 0x03, 0xFF, 0xF8, 0x1F, 0xFF, 0xFF, 0xFC, 0x3F, 0xFF, 0xFF, 0xFC, 0x3F, 0xFF, 0xFF, 0xFE,
    0x7F, 0xFF, 0xFF, 0xFF, 0xFF, 0xFF, 0xFF, 0xFF, 0xFF, 0xFF, 0xFF, 0xFF, 0xFF, 0xFF};
static const freeink::Icon icon_cat_story_32 = {32, 32, 14, icon_cat_story_32_bits};

// cat_kids  (lucide: toy-brick)
static const uint8_t icon_cat_kids_32_bits[] = {
    0xFF, 0xFF, 0xFF, 0xFF, 0xFF, 0xFF, 0xFF, 0xFF, 0xFF, 0xFF, 0xFF, 0xFF, 0xFF, 0xFF, 0xFF, 0xFF, 0xFE, 0x07, 0xE0,
    0x7F, 0xFC, 0x03, 0xC0, 0x3F, 0xF8, 0x01, 0x80, 0x1F, 0xF8, 0xF1, 0x8F, 0x1F, 0xF8, 0xF1, 0x8F, 0x1F, 0xF8, 0x00,
    0x00, 0x1F, 0xE0, 0x00, 0x00, 0x07, 0xE0, 0x00, 0x00, 0x07, 0xE7, 0xFF, 0xFF, 0xE7, 0xE7, 0xFF, 0xFF, 0xE7, 0xE7,
    0xFF, 0xFF, 0xE7, 0xE7, 0xFF, 0xFF, 0xE7, 0xE7, 0xFF, 0xFF, 0xE7, 0xE7, 0xFF, 0xFF, 0xE7, 0xE7, 0xFF, 0xFF, 0xE7,
    0xE7, 0xFF, 0xFF, 0xE7, 0xE7, 0xFF, 0xFF, 0xE7, 0xE7, 0xFF, 0xFF, 0xE7, 0xE7, 0xFF, 0xFF, 0xE7, 0xE7, 0xFF, 0xFF,
    0xE7, 0xE7, 0xFF, 0xFF, 0xE7, 0xE0, 0x00, 0x00, 0x07, 0xE0, 0x00, 0x00, 0x07, 0xF0, 0x00, 0x00, 0x0F, 0xFF, 0xFF,
    0xFF, 0xFF, 0xFF, 0xFF, 0xFF, 0xFF, 0xFF, 0xFF, 0xFF, 0xFF, 0xFF, 0xFF, 0xFF, 0xFF};
static const freeink::Icon icon_cat_kids_32 = {32, 32, 15, icon_cat_kids_32_bits};

// cat_tricky  (lucide: puzzle)
static const uint8_t icon_cat_tricky_32_bits[] = {
    0xFF, 0xFF, 0xFF, 0xFF, 0xFF, 0xFE, 0x7F, 0xDF, 0xFF, 0xF8, 0x1E, 0x07, 0xFF, 0xF0, 0x0C, 0x03, 0xFF, 0xE1, 0x84,
    0x63, 0xFF, 0xC3, 0xC0, 0xF1, 0xFF, 0xC7, 0xE1, 0xF3, 0xFF, 0xC3, 0xFF, 0xE3, 0xFF, 0xE1, 0xFF, 0xC3, 0xFF, 0xF1,
    0xFF, 0x87, 0xF8, 0xF8, 0xFF, 0x9F, 0xF0, 0x78, 0xFF, 0x8F, 0xE0, 0x38, 0xFF, 0x87, 0xC2, 0x01, 0xFF, 0xC3, 0xC7,
    0x01, 0xFF, 0xE3, 0x8F, 0xC7, 0xFF, 0xF3, 0xCF, 0xFF, 0xE3, 0xF3, 0xC7, 0xFF, 0x80, 0xE3, 0xC3, 0xFF, 0x80, 0x43,
    0xE1, 0xFF, 0x1C, 0x07, 0xF1, 0xFF, 0x1E, 0x0F, 0xF9, 0xFF, 0x1F, 0x1F, 0xE1, 0xFF, 0x8F, 0xFF, 0xC3, 0xFF, 0x87,
    0xFF, 0xC7, 0xFF, 0xC3, 0xFF, 0xCF, 0x87, 0xE3, 0xFF, 0x8F, 0x03, 0xC3, 0xFF, 0xC6, 0x21, 0x87, 0xFF, 0xC0, 0x30,
    0x0F, 0xFF, 0xE0, 0x78, 0x1F, 0xFF, 0xFB, 0xFF, 0xFF, 0xFF, 0xFF, 0xFF, 0xFF, 0xFF};
static const freeink::Icon icon_cat_tricky_32 = {32, 32, 15, icon_cat_tricky_32_bits};

// instapaper  (lucide: bookmark)
static const uint8_t icon_instapaper_24_bits[] = {
    0xFF, 0xFF, 0xFF, 0xFF, 0xFF, 0xFF, 0xFC, 0x00, 0x3F, 0xF8, 0x00, 0x1F, 0xF3, 0xFF, 0xCF, 0xF3, 0xFF, 0xCF,
    0xF3, 0xFF, 0xCF, 0xF3, 0xFF, 0xCF, 0xF3, 0xFF, 0xCF, 0xF3, 0xFF, 0xCF, 0xF3, 0xFF, 0xCF, 0xF3, 0xFF, 0xCF,
    0xF3, 0xFF, 0xCF, 0xF3, 0xFF, 0xCF, 0xF3, 0xFF, 0xCF, 0xF3, 0xFF, 0xCF, 0xF3, 0xFF, 0xCF, 0xF3, 0xE7, 0xCF,
    0xF3, 0x81, 0xCF, 0xF2, 0x18, 0x4F, 0xF0, 0x7E, 0x0F, 0xF9, 0xFF, 0x9F, 0xFF, 0xFF, 0xFF, 0xFF, 0xFF, 0xFF};
static const freeink::Icon icon_instapaper_24 = {24, 24, 12, icon_instapaper_24_bits};
static const uint8_t icon_instapaper_32_bits[] = {
    0xFF, 0xFF, 0xFF, 0xFF, 0xFF, 0xFF, 0xFF, 0xFF, 0xFF, 0xFF, 0xFF, 0xFF, 0xFE, 0x00, 0x00, 0x7F, 0xFC, 0x00, 0x00,
    0x3F, 0xFC, 0x7F, 0xFE, 0x3F, 0xF8, 0xFF, 0xFF, 0x1F, 0xF8, 0xFF, 0xFF, 0x1F, 0xF8, 0xFF, 0xFF, 0x1F, 0xF8, 0xFF,
    0xFF, 0x1F, 0xF8, 0xFF, 0xFF, 0x1F, 0xF8, 0xFF, 0xFF, 0x1F, 0xF8, 0xFF, 0xFF, 0x1F, 0xF8, 0xFF, 0xFF, 0x1F, 0xF8,
    0xFF, 0xFF, 0x1F, 0xF8, 0xFF, 0xFF, 0x1F, 0xF8, 0xFF, 0xFF, 0x1F, 0xF8, 0xFF, 0xFF, 0x1F, 0xF8, 0xFF, 0xFF, 0x1F,
    0xF8, 0xFF, 0xFF, 0x1F, 0xF8, 0xFF, 0xFF, 0x1F, 0xF8, 0xFF, 0xFF, 0x1F, 0xF8, 0xFF, 0xFF, 0x1F, 0xF8, 0xFC, 0x3F,
    0x1F, 0xF8, 0xF0, 0x0F, 0x1F, 0xF8, 0xC1, 0x83, 0x1F, 0xF8, 0x03, 0xC0, 0x1F, 0xFC, 0x0F, 0xF0, 0x3F, 0xFC, 0x3F,
    0xFC, 0x3F, 0xFF, 0xFF, 0xFF, 0xFF, 0xFF, 0xFF, 0xFF, 0xFF, 0xFF, 0xFF, 0xFF, 0xFF};
static const freeink::Icon icon_instapaper_32 = {32, 32, 16, icon_instapaper_32_bits};

// saved  (lucide: bookmark)
static const uint8_t icon_saved_32_bits[] = {
    0xFF, 0xFF, 0xFF, 0xFF, 0xFF, 0xFF, 0xFF, 0xFF, 0xFF, 0xFF, 0xFF, 0xFF, 0xFE, 0x00, 0x00, 0x7F, 0xFC, 0x00, 0x00,
    0x3F, 0xFC, 0x7F, 0xFE, 0x3F, 0xF8, 0xFF, 0xFF, 0x1F, 0xF8, 0xFF, 0xFF, 0x1F, 0xF8, 0xFF, 0xFF, 0x1F, 0xF8, 0xFF,
    0xFF, 0x1F, 0xF8, 0xFF, 0xFF, 0x1F, 0xF8, 0xFF, 0xFF, 0x1F, 0xF8, 0xFF, 0xFF, 0x1F, 0xF8, 0xFF, 0xFF, 0x1F, 0xF8,
    0xFF, 0xFF, 0x1F, 0xF8, 0xFF, 0xFF, 0x1F, 0xF8, 0xFF, 0xFF, 0x1F, 0xF8, 0xFF, 0xFF, 0x1F, 0xF8, 0xFF, 0xFF, 0x1F,
    0xF8, 0xFF, 0xFF, 0x1F, 0xF8, 0xFF, 0xFF, 0x1F, 0xF8, 0xFF, 0xFF, 0x1F, 0xF8, 0xFF, 0xFF, 0x1F, 0xF8, 0xFC, 0x3F,
    0x1F, 0xF8, 0xF0, 0x0F, 0x1F, 0xF8, 0xC1, 0x83, 0x1F, 0xF8, 0x03, 0xC0, 0x1F, 0xFC, 0x0F, 0xF0, 0x3F, 0xFC, 0x3F,
    0xFC, 0x3F, 0xFF, 0xFF, 0xFF, 0xFF, 0xFF, 0xFF, 0xFF, 0xFF, 0xFF, 0xFF, 0xFF, 0xFF};
static const freeink::Icon icon_saved_32 = {32, 32, 16, icon_saved_32_bits};

// account  (lucide: circle-user-round)
// Spliced by hand, not regenerated: this manifest cannot rebuild two other
// icons in this file (see icons.txt), so new icons are generated to a scratch
// file and pasted here. Instapaper's account/disconnect control.
static const uint8_t icon_account_24_bits[] = {
    0xFF, 0xFF, 0xFF, 0xFF, 0x81, 0xFF, 0xFE, 0x00, 0x7F, 0xF8, 0x7E, 0x1F, 0xF1, 0xFF, 0x8F, 0xE3, 0xFF, 0xC7,
    0xE7, 0xC3, 0xE7, 0xCF, 0x81, 0xF3, 0xCF, 0x3C, 0xF3, 0x9E, 0x7E, 0x79, 0x9E, 0x7E, 0x79, 0x9E, 0x7E, 0x79,
    0x9E, 0x7E, 0x79, 0x9F, 0x3C, 0xF9, 0x9F, 0x81, 0xF9, 0xCF, 0x00, 0xF3, 0xCE, 0x3C, 0x73, 0xE4, 0xFF, 0x27,
    0xE0, 0xFF, 0x07, 0xF1, 0xFF, 0x8F, 0xF8, 0x7E, 0x1F, 0xFE, 0x00, 0x7F, 0xFF, 0x81, 0xFF, 0xFF, 0xFF, 0xFF};
static const freeink::Icon icon_account_24 = {24, 24, 12, icon_account_24_bits};
static const uint8_t icon_account_32_bits[] = {
    0xFF, 0xFF, 0xFF, 0xFF, 0xFF, 0xFE, 0x7F, 0xFF, 0xFF, 0xC0, 0x03, 0xFF, 0xFF, 0x80, 0x01, 0xFF, 0xFE, 0x07, 0xE0,
    0x7F, 0xFC, 0x3F, 0xFC, 0x3F, 0xF8, 0x7F, 0xFE, 0x1F, 0xF1, 0xFF, 0xFF, 0x8F, 0xF1, 0xFC, 0x3F, 0x8F, 0xE3, 0xF0,
    0x0F, 0xC7, 0xC7, 0xE0, 0x07, 0xE7, 0xC7, 0xC7, 0xC3, 0xE3, 0xCF, 0xC7, 0xE3, 0xE3, 0xCF, 0xCF, 0xF3, 0xF3, 0xCF,
    0x8F, 0xF1, 0xF3, 0x8F, 0x8F, 0xF1, 0xF1, 0x8F, 0xCF, 0xF3, 0xF1, 0xCF, 0xC7, 0xE3, 0xF3, 0xCF, 0xE1, 0x87, 0xF3,
    0xC7, 0xE0, 0x07, 0xE3, 0xC7, 0xE0, 0x07, 0xE3, 0xC7, 0x81, 0x81, 0xE7, 0xE3, 0x8F, 0xF1, 0xC7, 0xF1, 0x1F, 0xF8,
    0x8F, 0xF0, 0x3F, 0xFC, 0x0F, 0xF8, 0x3F, 0xFC, 0x1F, 0xFC, 0x3F, 0xFC, 0x3F, 0xFE, 0x07, 0xE0, 0x7F, 0xFF, 0x80,
    0x01, 0xFF, 0xFF, 0xE0, 0x07, 0xFF, 0xFF, 0xFE, 0x7F, 0xFF, 0xFF, 0xFF, 0xFF, 0xFF};
static const freeink::Icon icon_account_32 = {32, 32, 16, icon_account_32_bits};
// wallpapers  (lucide: image)
static const uint8_t icon_wallpapers_24_bits[] = {
    0xFF, 0xFF, 0xFF, 0xFF, 0xFF, 0xFF, 0xF0, 0x00, 0x0F, 0xE0, 0x00, 0x07, 0xCF, 0xFF, 0xF3, 0xCF, 0xFF, 0xF3,
    0xCF, 0x3F, 0xF3, 0xCE, 0x1F, 0xF3, 0xCC, 0xCF, 0xF3, 0xCC, 0xCF, 0xF3, 0xCE, 0x1F, 0x73, 0xCF, 0x3C, 0x13,
    0xCF, 0xF8, 0x83, 0xCF, 0xF1, 0xC3, 0xCF, 0xE3, 0xE3, 0xCF, 0xC7, 0xF3, 0xCF, 0x8F, 0xF3, 0xCF, 0x1F, 0xF3,
    0xCE, 0x3F, 0xF3, 0xCC, 0x7F, 0xF3, 0xE0, 0x00, 0x07, 0xF0, 0x00, 0x0F, 0xFF, 0xFF, 0xFF, 0xFF, 0xFF, 0xFF};
static const freeink::Icon icon_wallpapers_24 = {24, 24, 12, icon_wallpapers_24_bits};
static const uint8_t icon_wallpapers_32_bits[] = {
    0xFF, 0xFF, 0xFF, 0xFF, 0xFF, 0xFF, 0xFF, 0xFF, 0xFF, 0xFF, 0xFF, 0xFF, 0xF0, 0x00, 0x00, 0x0F, 0xE0, 0x00, 0x00,
    0x07, 0xE3, 0xFF, 0xFF, 0xC7, 0xE7, 0xFF, 0xFF, 0xE7, 0xE7, 0xFF, 0xFF, 0xE7, 0xE7, 0xC3, 0xFF, 0xE7, 0xE7, 0x81,
    0xFF, 0xE7, 0xE7, 0x00, 0xFF, 0xE7, 0xE7, 0x18, 0xFF, 0xE7, 0xE7, 0x18, 0xFF, 0xE7, 0xE7, 0x00, 0xFF, 0xE7, 0xE7,
    0x81, 0xF0, 0xE7, 0xE7, 0xC3, 0xE0, 0x67, 0xE7, 0xFF, 0xC0, 0x07, 0xE7, 0xFF, 0x8F, 0x07, 0xE7, 0xFF, 0x1F, 0x87,
    0xE7, 0xFE, 0x3F, 0xC7, 0xE7, 0xFC, 0x7F, 0xC7, 0xE7, 0xF8, 0xFF, 0xE7, 0xE7, 0xF1, 0xFF, 0xE7, 0xE7, 0xE3, 0xFF,
    0xE7, 0xE7, 0xC7, 0xFF, 0xE7, 0xE7, 0x8F, 0xFF, 0xE7, 0xE2, 0x0F, 0xFF, 0xC7, 0xE0, 0x00, 0x00, 0x07, 0xF0, 0x00,
    0x00, 0x0F, 0xFF, 0xFF, 0xFF, 0xFF, 0xFF, 0xFF, 0xFF, 0xFF, 0xFF, 0xFF, 0xFF, 0xFF};
static const freeink::Icon icon_wallpapers_32 = {32, 32, 16, icon_wallpapers_32_bits};

// WAVELENGTH in-app marks: the pass-left arrow (96) and the peek eye (120),
// spliced by hand per icons.txt's warning that regenerating the manifest in
// place silently drops icon_yahtzee_32 and icon_connectfour_32.
static const uint8_t icon_wl_pass_96_bits[] = {
    0xFF, 0xFF, 0xFF, 0xFF, 0xFF, 0xFF, 0xFF, 0xFF, 0xFF, 0xFF, 0xFF, 0xFF, 0xFF, 0xFF, 0xFF, 0xFF, 0xFF, 0xFF, 0xFF,
    0xFF, 0xFF, 0xFF, 0xFF, 0xFF, 0xFF, 0xFF, 0xFF, 0xFF, 0xFF, 0xFF, 0xFF, 0xFF, 0xFF, 0xFF, 0xFF, 0xFF, 0xFF, 0xFF,
    0xFF, 0xFF, 0xFF, 0xFF, 0xFF, 0xFF, 0xFF, 0xFF, 0xFF, 0xFF, 0xFF, 0xFF, 0xFF, 0xFF, 0xFF, 0xFF, 0xFF, 0xFF, 0xFF,
    0xFF, 0xFF, 0xFF, 0xFF, 0xFF, 0xFF, 0xFF, 0xFF, 0xFF, 0xFF, 0xFF, 0xFF, 0xFF, 0xFF, 0xFF, 0xFF, 0xFF, 0xFF, 0xFF,
    0xFF, 0xFF, 0xFF, 0xFF, 0xFF, 0xFF, 0xFF, 0xFF, 0xFF, 0xFF, 0xFF, 0xFF, 0xFF, 0xFF, 0xFF, 0xFF, 0xFF, 0xFF, 0xFF,
    0xFF, 0xFF, 0xFF, 0xFF, 0xFF, 0xFF, 0xFF, 0xFF, 0xFF, 0xFF, 0xFF, 0xFF, 0xFF, 0xFF, 0xFF, 0xFF, 0xFF, 0xFF, 0xFF,
    0xFF, 0xFF, 0xFF, 0xFF, 0xFF, 0xFF, 0xFF, 0xFF, 0xFF, 0xFF, 0xFF, 0xFF, 0xFF, 0xFF, 0xFF, 0xFF, 0xFF, 0xFF, 0xFF,
    0xFF, 0xFF, 0xFF, 0xFF, 0xFF, 0xFF, 0xFF, 0xFF, 0xFF, 0xFF, 0xFF, 0xFF, 0xFF, 0xFF, 0xFF, 0xFF, 0xE1, 0xFF, 0xFF,
    0xFF, 0xFF, 0xFF, 0xFF, 0xFF, 0xFF, 0xFF, 0xFF, 0xFF, 0x80, 0x7F, 0xFF, 0xFF, 0xFF, 0xFF, 0xFF, 0xFF, 0xFF, 0xFF,
    0xFF, 0xFF, 0x00, 0x3F, 0xFF, 0xFF, 0xFF, 0xFF, 0xFF, 0xFF, 0xFF, 0xFF, 0xFF, 0xFE, 0x00, 0x1F, 0xFF, 0xFF, 0xFF,
    0xFF, 0xFF, 0xFF, 0xFF, 0xFF, 0xFF, 0xFC, 0x00, 0x1F, 0xFF, 0xFF, 0xFF, 0xFF, 0xFF, 0xFF, 0xFF, 0xFF, 0xFF, 0xF8,
    0x00, 0x0F, 0xFF, 0xFF, 0xFF, 0xFF, 0xFF, 0xFF, 0xFF, 0xFF, 0xFF, 0xF0, 0x00, 0x0F, 0xFF, 0xFF, 0xFF, 0xFF, 0xFF,
    0xFF, 0xFF, 0xFF, 0xFF, 0xE0, 0x00, 0x0F, 0xFF, 0xFF, 0xFF, 0xFF, 0xFF, 0xFF, 0xFF, 0xFF, 0xFF, 0xC0, 0x00, 0x0F,
    0xFF, 0xFF, 0xFF, 0xFF, 0xFF, 0xFF, 0xFF, 0xFF, 0xFF, 0x80, 0x00, 0x0F, 0xFF, 0xFF, 0xFF, 0xFF, 0xFF, 0xFF, 0xFF,
    0xFF, 0xFF, 0x00, 0x10, 0x0F, 0xFF, 0xFF, 0xFF, 0xFF, 0xFF, 0xFF, 0xFF, 0xFF, 0xFE, 0x00, 0x30, 0x0F, 0xFF, 0xFF,
    0xFF, 0xFF, 0xFF, 0xFF, 0xFF, 0xFF, 0xFC, 0x00, 0x70, 0x0F, 0xFF, 0xFF, 0xFF, 0xFF, 0xFF, 0xFF, 0xFF, 0xFF, 0xF8,
    0x00, 0xF0, 0x0F, 0xFF, 0xFF, 0xFF, 0xFF, 0xFF, 0xFF, 0xFF, 0xFF, 0xF0, 0x01, 0xF0, 0x0F, 0xFF, 0xFF, 0xFF, 0xFF,
    0xFF, 0xFF, 0xFF, 0xFF, 0xE0, 0x03, 0xF0, 0x0F, 0xFF, 0xFF, 0xFF, 0xFF, 0xFF, 0xFF, 0xFF, 0xFF, 0xC0, 0x07, 0xF0,
    0x0F, 0xFF, 0xFF, 0xFF, 0xFF, 0xFF, 0xFF, 0xFF, 0xFF, 0x80, 0x0F, 0xF0, 0x0F, 0xFF, 0xFF, 0xFF, 0xFF, 0xFF, 0xFF,
    0xFF, 0xFF, 0x00, 0x1F, 0xF0, 0x0F, 0xFF, 0xFF, 0xFF, 0xFF, 0xFF, 0xFF, 0xFF, 0xFE, 0x00, 0x3F, 0xF0, 0x0F, 0xFF,
    0xFF, 0xFF, 0xFF, 0xFF, 0xFF, 0xFF, 0xFC, 0x00, 0x7F, 0xF0, 0x00, 0x00, 0x00, 0x03, 0xFF, 0xFF, 0xFF, 0xFF, 0xF8,
    0x00, 0xFF, 0xF0, 0x00, 0x00, 0x00, 0x00, 0x7F, 0xFF, 0xFF, 0xFF, 0xF0, 0x01, 0xFF, 0xF8, 0x00, 0x00, 0x00, 0x00,
    0x3F, 0xFF, 0xFF, 0xFF, 0xE0, 0x03, 0xFF, 0xF8, 0x00, 0x00, 0x00, 0x00, 0x3F, 0xFF, 0xFF, 0xFF, 0xC0, 0x07, 0xFF,
    0xF8, 0x00, 0x00, 0x00, 0x00, 0x1F, 0xFF, 0xFF, 0xFF, 0x80, 0x0F, 0xFF, 0xFC, 0x00, 0x00, 0x00, 0x00, 0x1F, 0xFF,
    0xFF, 0xFF, 0x00, 0x1F, 0xFF, 0xFF, 0x00, 0x00, 0x00, 0x00, 0x0F, 0xFF, 0xFF, 0xFE, 0x00, 0x3F, 0xFF, 0xFF, 0xC0,
    0x00, 0x00, 0x00, 0x0F, 0xFF, 0xFF, 0xFC, 0x00, 0x7F, 0xFF, 0xFF, 0xFF, 0xFF, 0xFF, 0xF0, 0x0F, 0xFF, 0xFF, 0xF8,
    0x00, 0xFF, 0xFF, 0xFF, 0xFF, 0xFF, 0xFF, 0xF0, 0x0F, 0xFF, 0xFF, 0xF0, 0x01, 0xFF, 0xFF, 0xFF, 0xFF, 0xFF, 0xFF,
    0xF0, 0x0F, 0xFF, 0xFF, 0xE0, 0x03, 0xFF, 0xFF, 0xFF, 0xFF, 0xFF, 0xFF, 0xF0, 0x0F, 0xFF, 0xFF, 0xE0, 0x07, 0xFF,
    0xFF, 0xFF, 0xFF, 0xFF, 0xFF, 0xF0, 0x0F, 0xFF, 0xFF, 0xC0, 0x0F, 0xFF, 0xFF, 0xFF, 0xFF, 0xFF, 0xFF, 0xF0, 0x0F,
    0xFF, 0xFF, 0xC0, 0x1F, 0xFF, 0xFF, 0xFF, 0xFF, 0xFF, 0xFF, 0xF0, 0x0F, 0xFF, 0xFF, 0xC0, 0x3F, 0xFF, 0xFF, 0xFF,
    0xFF, 0xFF, 0xFF, 0xF0, 0x0F, 0xFF, 0xFF, 0xC0, 0x3F, 0xFF, 0xFF, 0xFF, 0xFF, 0xFF, 0xFF, 0xF0, 0x0F, 0xFF, 0xFF,
    0xC0, 0x1F, 0xFF, 0xFF, 0xFF, 0xFF, 0xFF, 0xFF, 0xF0, 0x0F, 0xFF, 0xFF, 0xC0, 0x0F, 0xFF, 0xFF, 0xFF, 0xFF, 0xFF,
    0xFF, 0xF0, 0x0F, 0xFF, 0xFF, 0xE0, 0x07, 0xFF, 0xFF, 0xFF, 0xFF, 0xFF, 0xFF, 0xF0, 0x0F, 0xFF, 0xFF, 0xE0, 0x03,
    0xFF, 0xFF, 0xFF, 0xFF, 0xFF, 0xFF, 0xF0, 0x0F, 0xFF, 0xFF, 0xF0, 0x01, 0xFF, 0xFF, 0xFF, 0xFF, 0xFF, 0xFF, 0xF0,
    0x0F, 0xFF, 0xFF, 0xF8, 0x00, 0xFF, 0xFF, 0xFF, 0xFF, 0xFF, 0xFF, 0xF0, 0x0F, 0xFF, 0xFF, 0xFC, 0x00, 0x7F, 0xFF,
    0xFF, 0xFF, 0xFF, 0xFF, 0xF0, 0x0F, 0xFF, 0xFF, 0xFE, 0x00, 0x3F, 0xFF, 0xFF, 0xC0, 0x00, 0x00, 0x00, 0x0F, 0xFF,
    0xFF, 0xFF, 0x00, 0x1F, 0xFF, 0xFF, 0x00, 0x00, 0x00, 0x00, 0x0F, 0xFF, 0xFF, 0xFF, 0x80, 0x0F, 0xFF, 0xFC, 0x00,
    0x00, 0x00, 0x00, 0x1F, 0xFF, 0xFF, 0xFF, 0xC0, 0x07, 0xFF, 0xFC, 0x00, 0x00, 0x00, 0x00, 0x1F, 0xFF, 0xFF, 0xFF,
    0xE0, 0x03, 0xFF, 0xF8, 0x00, 0x00, 0x00, 0x00, 0x3F, 0xFF, 0xFF, 0xFF, 0xF0, 0x01, 0xFF, 0xF8, 0x00, 0x00, 0x00,
    0x00, 0x3F, 0xFF, 0xFF, 0xFF, 0xF8, 0x00, 0xFF, 0xF0, 0x00, 0x00, 0x00, 0x00, 0xFF, 0xFF, 0xFF, 0xFF, 0xFC, 0x00,
    0x7F, 0xF0, 0x00, 0x00, 0x00, 0x03, 0xFF, 0xFF, 0xFF, 0xFF, 0xFE, 0x00, 0x3F, 0xF0, 0x0F, 0xFF, 0xFF, 0xFF, 0xFF,
    0xFF, 0xFF, 0xFF, 0xFF, 0x00, 0x1F, 0xF0, 0x0F, 0xFF, 0xFF, 0xFF, 0xFF, 0xFF, 0xFF, 0xFF, 0xFF, 0x80, 0x0F, 0xF0,
    0x0F, 0xFF, 0xFF, 0xFF, 0xFF, 0xFF, 0xFF, 0xFF, 0xFF, 0xC0, 0x07, 0xF0, 0x0F, 0xFF, 0xFF, 0xFF, 0xFF, 0xFF, 0xFF,
    0xFF, 0xFF, 0xE0, 0x03, 0xF0, 0x0F, 0xFF, 0xFF, 0xFF, 0xFF, 0xFF, 0xFF, 0xFF, 0xFF, 0xF0, 0x01, 0xF0, 0x0F, 0xFF,
    0xFF, 0xFF, 0xFF, 0xFF, 0xFF, 0xFF, 0xFF, 0xF8, 0x00, 0xF0, 0x0F, 0xFF, 0xFF, 0xFF, 0xFF, 0xFF, 0xFF, 0xFF, 0xFF,
    0xFC, 0x00, 0x70, 0x0F, 0xFF, 0xFF, 0xFF, 0xFF, 0xFF, 0xFF, 0xFF, 0xFF, 0xFE, 0x00, 0x30, 0x0F, 0xFF, 0xFF, 0xFF,
    0xFF, 0xFF, 0xFF, 0xFF, 0xFF, 0xFF, 0x00, 0x10, 0x0F, 0xFF, 0xFF, 0xFF, 0xFF, 0xFF, 0xFF, 0xFF, 0xFF, 0xFF, 0x80,
    0x00, 0x0F, 0xFF, 0xFF, 0xFF, 0xFF, 0xFF, 0xFF, 0xFF, 0xFF, 0xFF, 0xC0, 0x00, 0x0F, 0xFF, 0xFF, 0xFF, 0xFF, 0xFF,
    0xFF, 0xFF, 0xFF, 0xFF, 0xE0, 0x00, 0x0F, 0xFF, 0xFF, 0xFF, 0xFF, 0xFF, 0xFF, 0xFF, 0xFF, 0xFF, 0xF0, 0x00, 0x0F,
    0xFF, 0xFF, 0xFF, 0xFF, 0xFF, 0xFF, 0xFF, 0xFF, 0xFF, 0xF8, 0x00, 0x0F, 0xFF, 0xFF, 0xFF, 0xFF, 0xFF, 0xFF, 0xFF,
    0xFF, 0xFF, 0xFC, 0x00, 0x1F, 0xFF, 0xFF, 0xFF, 0xFF, 0xFF, 0xFF, 0xFF, 0xFF, 0xFF, 0xFE, 0x00, 0x1F, 0xFF, 0xFF,
    0xFF, 0xFF, 0xFF, 0xFF, 0xFF, 0xFF, 0xFF, 0xFF, 0x00, 0x3F, 0xFF, 0xFF, 0xFF, 0xFF, 0xFF, 0xFF, 0xFF, 0xFF, 0xFF,
    0xFF, 0x80, 0x7F, 0xFF, 0xFF, 0xFF, 0xFF, 0xFF, 0xFF, 0xFF, 0xFF, 0xFF, 0xFF, 0xE1, 0xFF, 0xFF, 0xFF, 0xFF, 0xFF,
    0xFF, 0xFF, 0xFF, 0xFF, 0xFF, 0xFF, 0xFF, 0xFF, 0xFF, 0xFF, 0xFF, 0xFF, 0xFF, 0xFF, 0xFF, 0xFF, 0xFF, 0xFF, 0xFF,
    0xFF, 0xFF, 0xFF, 0xFF, 0xFF, 0xFF, 0xFF, 0xFF, 0xFF, 0xFF, 0xFF, 0xFF, 0xFF, 0xFF, 0xFF, 0xFF, 0xFF, 0xFF, 0xFF,
    0xFF, 0xFF, 0xFF, 0xFF, 0xFF, 0xFF, 0xFF, 0xFF, 0xFF, 0xFF, 0xFF, 0xFF, 0xFF, 0xFF, 0xFF, 0xFF, 0xFF, 0xFF, 0xFF,
    0xFF, 0xFF, 0xFF, 0xFF, 0xFF, 0xFF, 0xFF, 0xFF, 0xFF, 0xFF, 0xFF, 0xFF, 0xFF, 0xFF, 0xFF, 0xFF, 0xFF, 0xFF, 0xFF,
    0xFF, 0xFF, 0xFF, 0xFF, 0xFF, 0xFF, 0xFF, 0xFF, 0xFF, 0xFF, 0xFF, 0xFF, 0xFF, 0xFF, 0xFF, 0xFF, 0xFF, 0xFF, 0xFF,
    0xFF, 0xFF, 0xFF, 0xFF, 0xFF, 0xFF, 0xFF, 0xFF, 0xFF, 0xFF, 0xFF, 0xFF, 0xFF, 0xFF, 0xFF, 0xFF, 0xFF, 0xFF, 0xFF,
    0xFF, 0xFF, 0xFF, 0xFF, 0xFF, 0xFF, 0xFF, 0xFF, 0xFF, 0xFF, 0xFF, 0xFF, 0xFF, 0xFF, 0xFF, 0xFF, 0xFF, 0xFF, 0xFF,
    0xFF, 0xFF, 0xFF, 0xFF, 0xFF, 0xFF, 0xFF, 0xFF, 0xFF, 0xFF, 0xFF, 0xFF};
static const freeink::Icon icon_wl_pass_96 = {96, 96, 47, icon_wl_pass_96_bits};
static const uint8_t icon_wl_look_120_bits[] = {
    0xFF, 0xFF, 0xFF, 0xFF, 0xFF, 0xFF, 0xFF, 0xFF, 0xFF, 0xFF, 0xFF, 0xFF, 0xFF, 0xFF, 0xFF, 0xFF, 0xFF, 0xFF, 0xFF,
    0xFF, 0xFF, 0xFF, 0xFF, 0xFF, 0xFF, 0xFF, 0xFF, 0xFF, 0xFF, 0xFF, 0xFF, 0xFF, 0xFF, 0xFF, 0xFF, 0xFF, 0xFF, 0xFF,
    0xFF, 0xFF, 0xFF, 0xFF, 0xFF, 0xFF, 0xFF, 0xFF, 0xFF, 0xFF, 0xFF, 0xFF, 0xFF, 0xFF, 0xFF, 0xFF, 0xFF, 0xFF, 0xFF,
    0xFF, 0xFF, 0xFF, 0xFF, 0xFF, 0xFF, 0xFF, 0xFF, 0xFF, 0xFF, 0xFF, 0xFF, 0xFF, 0xFF, 0xFF, 0xFF, 0xFF, 0xFF, 0xFF,
    0xFF, 0xFF, 0xFF, 0xFF, 0xFF, 0xFF, 0xFF, 0xFF, 0xFF, 0xFF, 0xFF, 0xFF, 0xFF, 0xFF, 0xFF, 0xFF, 0xFF, 0xFF, 0xFF,
    0xFF, 0xFF, 0xFF, 0xFF, 0xFF, 0xFF, 0xFF, 0xFF, 0xFF, 0xFF, 0xFF, 0xFF, 0xFF, 0xFF, 0xFF, 0xFF, 0xFF, 0xFF, 0xFF,
    0xFF, 0xFF, 0xFF, 0xFF, 0xFF, 0xFF, 0xFF, 0xFF, 0xFF, 0xFF, 0xFF, 0xFF, 0xFF, 0xFF, 0xFF, 0xFF, 0xFF, 0xFF, 0xFF,
    0xFF, 0xFF, 0xFF, 0xFF, 0xFF, 0xFF, 0xFF, 0xFF, 0xFF, 0xFF, 0xFF, 0xFF, 0xFF, 0xFF, 0xFF, 0xFF, 0xFF, 0xFF, 0xFF,
    0xFF, 0xFF, 0xFF, 0xFF, 0xFF, 0xFF, 0xFF, 0xFF, 0xFF, 0xFF, 0xFF, 0xFF, 0xFF, 0xFF, 0xFF, 0xFF, 0xFF, 0xFF, 0xFF,
    0xFF, 0xFF, 0xFF, 0xFF, 0xFF, 0xFF, 0xFF, 0xFF, 0xFF, 0xFF, 0xFF, 0xFF, 0xFF, 0xFF, 0xFF, 0xFF, 0xFF, 0xFF, 0xFF,
    0xFF, 0xFF, 0xFF, 0xFF, 0xFF, 0xFF, 0xFF, 0xFF, 0xFF, 0xFF, 0xFF, 0xFF, 0xFF, 0xFF, 0xFF, 0xFF, 0xFF, 0xFF, 0xFF,
    0xFF, 0xFF, 0xFF, 0xFF, 0xFF, 0xFF, 0xFF, 0xFF, 0xFF, 0xFF, 0xFF, 0xFF, 0xFF, 0xFF, 0xFF, 0xFF, 0xFF, 0xFF, 0xFF,
    0xFF, 0xFF, 0xFF, 0xFF, 0xFF, 0xFF, 0xFF, 0xFF, 0xFF, 0xFF, 0xFF, 0xFF, 0xFF, 0xFF, 0xFF, 0xFF, 0xFF, 0xFF, 0xFF,
    0xFF, 0xFF, 0xFF, 0xFF, 0xFF, 0xFF, 0xFF, 0xFF, 0xFF, 0xFF, 0xFF, 0xFF, 0xFF, 0xFF, 0xFF, 0xFF, 0xFF, 0xFF, 0xFF,
    0xFF, 0xFF, 0xFF, 0xFF, 0xFF, 0xFF, 0xFF, 0xFF, 0xFF, 0xFF, 0xFF, 0xFF, 0xFF, 0xFF, 0xFF, 0xFF, 0xFF, 0xFF, 0xFF,
    0xFF, 0xFF, 0xFF, 0xFF, 0xFF, 0xFF, 0xFF, 0xFF, 0xFF, 0xFF, 0xFF, 0xFF, 0xFF, 0xFF, 0xFF, 0xFF, 0xFF, 0xFF, 0xFF,
    0xFF, 0xFF, 0xF8, 0x00, 0x1F, 0xFF, 0xFF, 0xFF, 0xFF, 0xFF, 0xFF, 0xFF, 0xFF, 0xFF, 0xFF, 0xFF, 0xFE, 0x00, 0x00,
    0x00, 0x7F, 0xFF, 0xFF, 0xFF, 0xFF, 0xFF, 0xFF, 0xFF, 0xFF, 0xFF, 0xFF, 0xE0, 0x00, 0x00, 0x00, 0x07, 0xFF, 0xFF,
    0xFF, 0xFF, 0xFF, 0xFF, 0xFF, 0xFF, 0xFF, 0xFF, 0x00, 0x00, 0x00, 0x00, 0x00, 0xFF, 0xFF, 0xFF, 0xFF, 0xFF, 0xFF,
    0xFF, 0xFF, 0xFF, 0xFC, 0x00, 0x00, 0x00, 0x00, 0x00, 0x3F, 0xFF, 0xFF, 0xFF, 0xFF, 0xFF, 0xFF, 0xFF, 0xFF, 0xE0,
    0x00, 0x00, 0x00, 0x00, 0x00, 0x07, 0xFF, 0xFF, 0xFF, 0xFF, 0xFF, 0xFF, 0xFF, 0xFF, 0x80, 0x00, 0x00, 0x00, 0x00,
    0x00, 0x01, 0xFF, 0xFF, 0xFF, 0xFF, 0xFF, 0xFF, 0xFF, 0xFE, 0x00, 0x00, 0x00, 0x00, 0x00, 0x00, 0x00, 0x7F, 0xFF,
    0xFF, 0xFF, 0xFF, 0xFF, 0xFF, 0xFC, 0x00, 0x00, 0x00, 0x00, 0x00, 0x00, 0x00, 0x3F, 0xFF, 0xFF, 0xFF, 0xFF, 0xFF,
    0xFF, 0xF0, 0x00, 0x00, 0x00, 0x00, 0x00, 0x00, 0x00, 0x0F, 0xFF, 0xFF, 0xFF, 0xFF, 0xFF, 0xFF, 0xE0, 0x00, 0x00,
    0x07, 0xFF, 0xE0, 0x00, 0x00, 0x07, 0xFF, 0xFF, 0xFF, 0xFF, 0xFF, 0xFF, 0x80, 0x00, 0x00, 0xFF, 0xFF, 0xFF, 0x00,
    0x00, 0x01, 0xFF, 0xFF, 0xFF, 0xFF, 0xFF, 0xFF, 0x00, 0x00, 0x0F, 0xFF, 0xFF, 0xFF, 0xF0, 0x00, 0x00, 0xFF, 0xFF,
    0xFF, 0xFF, 0xFF, 0xFE, 0x00, 0x00, 0x3F, 0xFF, 0xFF, 0xFF, 0xFC, 0x00, 0x00, 0x7F, 0xFF, 0xFF, 0xFF, 0xFF, 0xF8,
    0x00, 0x01, 0xFF, 0xFF, 0xFF, 0xFF, 0xFF, 0x80, 0x00, 0x1F, 0xFF, 0xFF, 0xFF, 0xFF, 0xF0, 0x00, 0x07, 0xFF, 0xFF,
    0xFF, 0xFF, 0xFF, 0xE0, 0x00, 0x0F, 0xFF, 0xFF, 0xFF, 0xFF, 0xE0, 0x00, 0x0F, 0xFF, 0xFF, 0xFF, 0xFF, 0xFF, 0xF0,
    0x00, 0x07, 0xFF, 0xFF, 0xFF, 0xFF, 0xC0, 0x00, 0x3F, 0xFF, 0xFF, 0xFF, 0xFF, 0xFF, 0xFC, 0x00, 0x03, 0xFF, 0xFF,
    0xFF, 0xFF, 0x80, 0x00, 0xFF, 0xFF, 0xFF, 0xFF, 0xFF, 0xFF, 0xFF, 0x00, 0x01, 0xFF, 0xFF, 0xFF, 0xFF, 0x00, 0x01,
    0xFF, 0xFF, 0xFF, 0xFF, 0xFF, 0xFF, 0xFF, 0x80, 0x00, 0xFF, 0xFF, 0xFF, 0xFF, 0x00, 0x03, 0xFF, 0xFF, 0xFF, 0x00,
    0xFF, 0xFF, 0xFF, 0xC0, 0x00, 0xFF, 0xFF, 0xFF, 0xFE, 0x00, 0x07, 0xFF, 0xFF, 0xF8, 0x00, 0x1F, 0xFF, 0xFF, 0xE0,
    0x00, 0x7F, 0xFF, 0xFF, 0xFC, 0x00, 0x1F, 0xFF, 0xFF, 0xE0, 0x00, 0x07, 0xFF, 0xFF, 0xF8, 0x00, 0x3F, 0xFF, 0xFF,
    0xF8, 0x00, 0x3F, 0xFF, 0xFF, 0x80, 0x00, 0x01, 0xFF, 0xFF, 0xFC, 0x00, 0x1F, 0xFF, 0xFF, 0xF0, 0x00, 0x7F, 0xFF,
    0xFF, 0x00, 0x00, 0x00, 0xFF, 0xFF, 0xFE, 0x00, 0x0F, 0xFF, 0xFF, 0xF0, 0x00, 0xFF, 0xFF, 0xFC, 0x00, 0x00, 0x00,
    0x3F, 0xFF, 0xFF, 0x00, 0x0F, 0xFF, 0xFF, 0xE0, 0x01, 0xFF, 0xFF, 0xF8, 0x00, 0x00, 0x00, 0x1F, 0xFF, 0xFF, 0x80,
    0x07, 0xFF, 0xFF, 0xC0, 0x01, 0xFF, 0xFF, 0xF8, 0x00, 0x00, 0x00, 0x1F, 0xFF, 0xFF, 0x80, 0x03, 0xFF, 0xFF, 0xC0,
    0x03, 0xFF, 0xFF, 0xF0, 0x00, 0x00, 0x00, 0x0F, 0xFF, 0xFF, 0xC0, 0x03, 0xFF, 0xFF, 0x80, 0x07, 0xFF, 0xFF, 0xE0,
    0x00, 0x00, 0x00, 0x07, 0xFF, 0xFF, 0xE0, 0x01, 0xFF, 0xFF, 0x80, 0x0F, 0xFF, 0xFF, 0xE0, 0x00, 0x7E, 0x00, 0x07,
    0xFF, 0xFF, 0xF0, 0x01, 0xFF, 0xFF, 0x00, 0x0F, 0xFF, 0xFF, 0xC0, 0x01, 0xFF, 0x80, 0x03, 0xFF, 0xFF, 0xF0, 0x00,
    0xFF, 0xFF, 0x00, 0x1F, 0xFF, 0xFF, 0xC0, 0x07, 0xFF, 0xE0, 0x03, 0xFF, 0xFF, 0xF8, 0x00, 0xFF, 0xFE, 0x00, 0x3F,
    0xFF, 0xFF, 0x80, 0x0F, 0xFF, 0xF0, 0x01, 0xFF, 0xFF, 0xFC, 0x00, 0x7F, 0xFE, 0x00, 0x3F, 0xFF, 0xFF, 0x80, 0x0F,
    0xFF, 0xF0, 0x01, 0xFF, 0xFF, 0xFC, 0x00, 0x7F, 0xFC, 0x00, 0x7F, 0xFF, 0xFF, 0x80, 0x1F, 0xFF, 0xF8, 0x01, 0xFF,
    0xFF, 0xFE, 0x00, 0x3F, 0xFC, 0x00, 0x7F, 0xFF, 0xFF, 0x00, 0x1F, 0xFF, 0xF8, 0x00, 0xFF, 0xFF, 0xFE, 0x00, 0x3F,
    0xF8, 0x00, 0xFF, 0xFF, 0xFF, 0x00, 0x3F, 0xFF, 0xFC, 0x00, 0xFF, 0xFF, 0xFF, 0x00, 0x1F, 0xF8, 0x00, 0xFF, 0xFF,
    0xFF, 0x00, 0x3F, 0xFF, 0xFC, 0x00, 0xFF, 0xFF, 0xFF, 0x00, 0x1F, 0xF8, 0x01, 0xFF, 0xFF, 0xFF, 0x00, 0x3F, 0xFF,
    0xFC, 0x00, 0xFF, 0xFF, 0xFF, 0x80, 0x1F, 0xF8, 0x01, 0xFF, 0xFF, 0xFF, 0x00, 0x3F, 0xFF, 0xFC, 0x00, 0xFF, 0xFF,
    0xFF, 0x80, 0x1F, 0xF8, 0x00, 0xFF, 0xFF, 0xFF, 0x00, 0x3F, 0xFF, 0xFC, 0x00, 0xFF, 0xFF, 0xFF, 0x00, 0x1F, 0xF8,
    0x00, 0xFF, 0xFF, 0xFF, 0x00, 0x3F, 0xFF, 0xFC, 0x00, 0xFF, 0xFF, 0xFF, 0x00, 0x1F, 0xFC, 0x00, 0x7F, 0xFF, 0xFF,
    0x00, 0x1F, 0xFF, 0xF8, 0x00, 0xFF, 0xFF, 0xFE, 0x00, 0x3F, 0xFC, 0x00, 0x7F, 0xFF, 0xFF, 0x80, 0x1F, 0xFF, 0xF8,
    0x01, 0xFF, 0xFF, 0xFE, 0x00, 0x3F, 0xFE, 0x00, 0x3F, 0xFF, 0xFF, 0x80, 0x0F, 0xFF, 0xF0, 0x01, 0xFF, 0xFF, 0xFC,
    0x00, 0x7F, 0xFE, 0x00, 0x3F, 0xFF, 0xFF, 0x80, 0x0F, 0xFF, 0xF0, 0x01, 0xFF, 0xFF, 0xFC, 0x00, 0x7F, 0xFF, 0x00,
    0x1F, 0xFF, 0xFF, 0xC0, 0x07, 0xFF, 0xE0, 0x03, 0xFF, 0xFF, 0xF8, 0x00, 0xFF, 0xFF, 0x00, 0x0F, 0xFF, 0xFF, 0xC0,
    0x01, 0xFF, 0x80, 0x03, 0xFF, 0xFF, 0xF0, 0x00, 0xFF, 0xFF, 0x80, 0x0F, 0xFF, 0xFF, 0xE0, 0x00, 0x7E, 0x00, 0x07,
    0xFF, 0xFF, 0xF0, 0x01, 0xFF, 0xFF, 0x80, 0x07, 0xFF, 0xFF, 0xE0, 0x00, 0x00, 0x00, 0x07, 0xFF, 0xFF, 0xE0, 0x01,
    0xFF, 0xFF, 0xC0, 0x03, 0xFF, 0xFF, 0xF0, 0x00, 0x00, 0x00, 0x0F, 0xFF, 0xFF, 0xC0, 0x03, 0xFF, 0xFF, 0xC0, 0x01,
    0xFF, 0xFF, 0xF8, 0x00, 0x00, 0x00, 0x1F, 0xFF, 0xFF, 0x80, 0x03, 0xFF, 0xFF, 0xE0, 0x01, 0xFF, 0xFF, 0xF8, 0x00,
    0x00, 0x00, 0x1F, 0xFF, 0xFF, 0x80, 0x07, 0xFF, 0xFF, 0xF0, 0x00, 0xFF, 0xFF, 0xFC, 0x00, 0x00, 0x00, 0x3F, 0xFF,
    0xFF, 0x00, 0x0F, 0xFF, 0xFF, 0xF0, 0x00, 0x7F, 0xFF, 0xFF, 0x00, 0x00, 0x00, 0xFF, 0xFF, 0xFE, 0x00, 0x0F, 0xFF,
    0xFF, 0xF8, 0x00, 0x3F, 0xFF, 0xFF, 0x80, 0x00, 0x01, 0xFF, 0xFF, 0xFC, 0x00, 0x1F, 0xFF, 0xFF, 0xFC, 0x00, 0x1F,
    0xFF, 0xFF, 0xE0, 0x00, 0x07, 0xFF, 0xFF, 0xF8, 0x00, 0x3F, 0xFF, 0xFF, 0xFE, 0x00, 0x07, 0xFF, 0xFF, 0xF8, 0x00,
    0x1F, 0xFF, 0xFF, 0xE0, 0x00, 0x7F, 0xFF, 0xFF, 0xFF, 0x00, 0x03, 0xFF, 0xFF, 0xFF, 0x00, 0xFF, 0xFF, 0xFF, 0xC0,
    0x00, 0xFF, 0xFF, 0xFF, 0xFF, 0x00, 0x01, 0xFF, 0xFF, 0xFF, 0xFF, 0xFF, 0xFF, 0xFF, 0x80, 0x00, 0xFF, 0xFF, 0xFF,
    0xFF, 0x80, 0x00, 0xFF, 0xFF, 0xFF, 0xFF, 0xFF, 0xFF, 0xFF, 0x00, 0x01, 0xFF, 0xFF, 0xFF, 0xFF, 0xC0, 0x00, 0x3F,
    0xFF, 0xFF, 0xFF, 0xFF, 0xFF, 0xFC, 0x00, 0x03, 0xFF, 0xFF, 0xFF, 0xFF, 0xE0, 0x00, 0x0F, 0xFF, 0xFF, 0xFF, 0xFF,
    0xFF, 0xF0, 0x00, 0x07, 0xFF, 0xFF, 0xFF, 0xFF, 0xF0, 0x00, 0x07, 0xFF, 0xFF, 0xFF, 0xFF, 0xFF, 0xE0, 0x00, 0x0F,
    0xFF, 0xFF, 0xFF, 0xFF, 0xF8, 0x00, 0x01, 0xFF, 0xFF, 0xFF, 0xFF, 0xFF, 0x80, 0x00, 0x3F, 0xFF, 0xFF, 0xFF, 0xFF,
    0xFE, 0x00, 0x00, 0x3F, 0xFF, 0xFF, 0xFF, 0xFC, 0x00, 0x00, 0x7F, 0xFF, 0xFF, 0xFF, 0xFF, 0xFF, 0x00, 0x00, 0x0F,
    0xFF, 0xFF, 0xFF, 0xF0, 0x00, 0x00, 0xFF, 0xFF, 0xFF, 0xFF, 0xFF, 0xFF, 0x80, 0x00, 0x00, 0xFF, 0xFF, 0xFF, 0x00,
    0x00, 0x01, 0xFF, 0xFF, 0xFF, 0xFF, 0xFF, 0xFF, 0xE0, 0x00, 0x00, 0x07, 0xFF, 0xE0, 0x00, 0x00, 0x07, 0xFF, 0xFF,
    0xFF, 0xFF, 0xFF, 0xFF, 0xF0, 0x00, 0x00, 0x00, 0x00, 0x00, 0x00, 0x00, 0x0F, 0xFF, 0xFF, 0xFF, 0xFF, 0xFF, 0xFF,
    0xFC, 0x00, 0x00, 0x00, 0x00, 0x00, 0x00, 0x00, 0x3F, 0xFF, 0xFF, 0xFF, 0xFF, 0xFF, 0xFF, 0xFE, 0x00, 0x00, 0x00,
    0x00, 0x00, 0x00, 0x00, 0x7F, 0xFF, 0xFF, 0xFF, 0xFF, 0xFF, 0xFF, 0xFF, 0x80, 0x00, 0x00, 0x00, 0x00, 0x00, 0x01,
    0xFF, 0xFF, 0xFF, 0xFF, 0xFF, 0xFF, 0xFF, 0xFF, 0xE0, 0x00, 0x00, 0x00, 0x00, 0x00, 0x07, 0xFF, 0xFF, 0xFF, 0xFF,
    0xFF, 0xFF, 0xFF, 0xFF, 0xFC, 0x00, 0x00, 0x00, 0x00, 0x00, 0x3F, 0xFF, 0xFF, 0xFF, 0xFF, 0xFF, 0xFF, 0xFF, 0xFF,
    0xFF, 0x80, 0x00, 0x00, 0x00, 0x00, 0xFF, 0xFF, 0xFF, 0xFF, 0xFF, 0xFF, 0xFF, 0xFF, 0xFF, 0xFF, 0xE0, 0x00, 0x00,
    0x00, 0x07, 0xFF, 0xFF, 0xFF, 0xFF, 0xFF, 0xFF, 0xFF, 0xFF, 0xFF, 0xFF, 0xFE, 0x00, 0x00, 0x00, 0x7F, 0xFF, 0xFF,
    0xFF, 0xFF, 0xFF, 0xFF, 0xFF, 0xFF, 0xFF, 0xFF, 0xFF, 0xF8, 0x00, 0x1F, 0xFF, 0xFF, 0xFF, 0xFF, 0xFF, 0xFF, 0xFF,
    0xFF, 0xFF, 0xFF, 0xFF, 0xFF, 0xFF, 0xFF, 0xFF, 0xFF, 0xFF, 0xFF, 0xFF, 0xFF, 0xFF, 0xFF, 0xFF, 0xFF, 0xFF, 0xFF,
    0xFF, 0xFF, 0xFF, 0xFF, 0xFF, 0xFF, 0xFF, 0xFF, 0xFF, 0xFF, 0xFF, 0xFF, 0xFF, 0xFF, 0xFF, 0xFF, 0xFF, 0xFF, 0xFF,
    0xFF, 0xFF, 0xFF, 0xFF, 0xFF, 0xFF, 0xFF, 0xFF, 0xFF, 0xFF, 0xFF, 0xFF, 0xFF, 0xFF, 0xFF, 0xFF, 0xFF, 0xFF, 0xFF,
    0xFF, 0xFF, 0xFF, 0xFF, 0xFF, 0xFF, 0xFF, 0xFF, 0xFF, 0xFF, 0xFF, 0xFF, 0xFF, 0xFF, 0xFF, 0xFF, 0xFF, 0xFF, 0xFF,
    0xFF, 0xFF, 0xFF, 0xFF, 0xFF, 0xFF, 0xFF, 0xFF, 0xFF, 0xFF, 0xFF, 0xFF, 0xFF, 0xFF, 0xFF, 0xFF, 0xFF, 0xFF, 0xFF,
    0xFF, 0xFF, 0xFF, 0xFF, 0xFF, 0xFF, 0xFF, 0xFF, 0xFF, 0xFF, 0xFF, 0xFF, 0xFF, 0xFF, 0xFF, 0xFF, 0xFF, 0xFF, 0xFF,
    0xFF, 0xFF, 0xFF, 0xFF, 0xFF, 0xFF, 0xFF, 0xFF, 0xFF, 0xFF, 0xFF, 0xFF, 0xFF, 0xFF, 0xFF, 0xFF, 0xFF, 0xFF, 0xFF,
    0xFF, 0xFF, 0xFF, 0xFF, 0xFF, 0xFF, 0xFF, 0xFF, 0xFF, 0xFF, 0xFF, 0xFF, 0xFF, 0xFF, 0xFF, 0xFF, 0xFF, 0xFF, 0xFF,
    0xFF, 0xFF, 0xFF, 0xFF, 0xFF, 0xFF, 0xFF, 0xFF, 0xFF, 0xFF, 0xFF, 0xFF, 0xFF, 0xFF, 0xFF, 0xFF, 0xFF, 0xFF, 0xFF,
    0xFF, 0xFF, 0xFF, 0xFF, 0xFF, 0xFF, 0xFF, 0xFF, 0xFF, 0xFF, 0xFF, 0xFF, 0xFF, 0xFF, 0xFF, 0xFF, 0xFF, 0xFF, 0xFF,
    0xFF, 0xFF, 0xFF, 0xFF, 0xFF, 0xFF, 0xFF, 0xFF, 0xFF, 0xFF, 0xFF, 0xFF, 0xFF, 0xFF, 0xFF, 0xFF, 0xFF, 0xFF, 0xFF,
    0xFF, 0xFF, 0xFF, 0xFF, 0xFF, 0xFF, 0xFF, 0xFF, 0xFF, 0xFF, 0xFF, 0xFF, 0xFF, 0xFF, 0xFF, 0xFF, 0xFF, 0xFF, 0xFF,
    0xFF, 0xFF, 0xFF, 0xFF, 0xFF, 0xFF, 0xFF, 0xFF, 0xFF, 0xFF, 0xFF, 0xFF, 0xFF, 0xFF, 0xFF, 0xFF, 0xFF, 0xFF, 0xFF,
    0xFF, 0xFF, 0xFF, 0xFF, 0xFF, 0xFF, 0xFF, 0xFF, 0xFF, 0xFF, 0xFF, 0xFF, 0xFF, 0xFF, 0xFF, 0xFF, 0xFF, 0xFF, 0xFF,
    0xFF, 0xFF, 0xFF, 0xFF, 0xFF, 0xFF, 0xFF, 0xFF, 0xFF, 0xFF, 0xFF, 0xFF, 0xFF, 0xFF, 0xFF, 0xFF, 0xFF, 0xFF, 0xFF,
    0xFF, 0xFF, 0xFF, 0xFF, 0xFF, 0xFF, 0xFF, 0xFF, 0xFF, 0xFF, 0xFF, 0xFF, 0xFF, 0xFF};
static const freeink::Icon icon_wl_look_120 = {120, 120, 59, icon_wl_look_120_bits};

// WIKIPEDIA (globe): spliced from a scratch run of gen_toybox_icons.sh, see the
// warning at the top of tools_local/toybox/icons.txt.
static const uint8_t icon_wikipedia_32_bits[] = {
    0xFF, 0xFF, 0xFF, 0xFF, 0xFF, 0xFE, 0x7F, 0xFF, 0xFF, 0xC0, 0x03, 0xFF, 0xFF, 0x80, 0x01, 0xFF, 0xFE, 0x00, 0x00,
    0x7F, 0xFC, 0x31, 0x8C, 0x3F, 0xF8, 0x71, 0x8E, 0x1F, 0xF1, 0xE3, 0xC7, 0x8F, 0xF1, 0xE3, 0xC7, 0x8F, 0xE3, 0xC7,
    0xE3, 0xC7, 0xC7, 0xC7, 0xE3, 0xE7, 0xC7, 0xC7, 0xE3, 0xE3, 0xCF, 0xCF, 0xF3, 0xE3, 0xCF, 0xCF, 0xF3, 0xF3, 0xCF,
    0x8F, 0xF1, 0xF3, 0x80, 0x00, 0x00, 0x01, 0x80, 0x00, 0x00, 0x01, 0xCF, 0x8F, 0xF1, 0xF3, 0xCF, 0xCF, 0xF3, 0xF3,
    0xC7, 0xCF, 0xF3, 0xE3, 0xC7, 0xC7, 0xE3, 0xE3, 0xC7, 0xC7, 0xE3, 0xE7, 0xE3, 0xC7, 0xE3, 0xC7, 0xF1, 0xE3, 0xC7,
    0x8F, 0xF1, 0xE3, 0xC7, 0x0F, 0xF8, 0x71, 0x8E, 0x1F, 0xFC, 0x31, 0x8C, 0x3F, 0xFE, 0x00, 0x00, 0x7F, 0xFF, 0x80,
    0x01, 0xFF, 0xFF, 0xE0, 0x07, 0xFF, 0xFF, 0xFE, 0x7F, 0xFF, 0xFF, 0xFF, 0xFF, 0xFF};
static const freeink::Icon icon_wikipedia_32 = {32, 32, 15, icon_wikipedia_32_bits};

static const uint8_t icon_wiki_back_24_bits[] = {
    0xFF, 0xFF, 0xFF, 0xFF, 0xFF, 0xFF, 0xFF, 0xFF, 0xFF, 0xFF, 0xFF, 0xFF, 0xFF, 0xFF, 0xFF, 0xFF, 0xFC, 0xFF,
    0xFF, 0xF8, 0xFF, 0xFF, 0xF1, 0xFF, 0xFF, 0xE3, 0xFF, 0xFF, 0xC7, 0xFF, 0xFF, 0x8F, 0xFF, 0xFF, 0x1F, 0xFF,
    0xFF, 0x1F, 0xFF, 0xFF, 0x8F, 0xFF, 0xFF, 0xC7, 0xFF, 0xFF, 0xE3, 0xFF, 0xFF, 0xF1, 0xFF, 0xFF, 0xF8, 0xFF,
    0xFF, 0xFC, 0xFF, 0xFF, 0xFF, 0xFF, 0xFF, 0xFF, 0xFF, 0xFF, 0xFF, 0xFF, 0xFF, 0xFF, 0xFF, 0xFF, 0xFF, 0xFF};
static const freeink::Icon icon_wiki_back_24 = {24, 24, 12, icon_wiki_back_24_bits};

static const uint8_t icon_wiki_back_32_bits[] = {
    0xFF, 0xFF, 0xFF, 0xFF, 0xFF, 0xFF, 0xFF, 0xFF, 0xFF, 0xFF, 0xFF, 0xFF, 0xFF, 0xFF, 0xFF, 0xFF, 0xFF, 0xFF, 0xFF,
    0xFF, 0xFF, 0xFF, 0xFF, 0xFF, 0xFF, 0xFF, 0xFF, 0xFF, 0xFF, 0xFF, 0xE7, 0xFF, 0xFF, 0xFF, 0xC7, 0xFF, 0xFF, 0xFF,
    0x8F, 0xFF, 0xFF, 0xFF, 0x1F, 0xFF, 0xFF, 0xFE, 0x3F, 0xFF, 0xFF, 0xFC, 0x7F, 0xFF, 0xFF, 0xF8, 0xFF, 0xFF, 0xFF,
    0xF1, 0xFF, 0xFF, 0xFF, 0xE3, 0xFF, 0xFF, 0xFF, 0xE3, 0xFF, 0xFF, 0xFF, 0xF1, 0xFF, 0xFF, 0xFF, 0xF8, 0xFF, 0xFF,
    0xFF, 0xFC, 0x7F, 0xFF, 0xFF, 0xFE, 0x3F, 0xFF, 0xFF, 0xFF, 0x1F, 0xFF, 0xFF, 0xFF, 0x8F, 0xFF, 0xFF, 0xFF, 0xC7,
    0xFF, 0xFF, 0xFF, 0xE7, 0xFF, 0xFF, 0xFF, 0xFF, 0xFF, 0xFF, 0xFF, 0xFF, 0xFF, 0xFF, 0xFF, 0xFF, 0xFF, 0xFF, 0xFF,
    0xFF, 0xFF, 0xFF, 0xFF, 0xFF, 0xFF, 0xFF, 0xFF, 0xFF, 0xFF, 0xFF, 0xFF, 0xFF, 0xFF};
static const freeink::Icon icon_wiki_back_32 = {32, 32, 16, icon_wiki_back_32_bits};

static const uint8_t icon_wiki_contents_24_bits[] = {
    0xFF, 0xFF, 0xFF, 0xFF, 0xFF, 0xFF, 0xFF, 0xFF, 0xFF, 0xFF, 0xFF, 0xFF, 0xCE, 0x00, 0x03, 0xCE, 0x00, 0x03,
    0xFF, 0xFF, 0xFF, 0xFF, 0xFF, 0xFF, 0xFF, 0xFF, 0xFF, 0xFF, 0xFF, 0xFF, 0xFF, 0xFF, 0xFF, 0xCE, 0x00, 0x03,
    0xCE, 0x00, 0x03, 0xFF, 0xFF, 0xFF, 0xFF, 0xFF, 0xFF, 0xFF, 0xFF, 0xFF, 0xFF, 0xFF, 0xFF, 0xFF, 0xFF, 0xFF,
    0xCE, 0x00, 0x03, 0xCE, 0x00, 0x03, 0xFF, 0xFF, 0xFF, 0xFF, 0xFF, 0xFF, 0xFF, 0xFF, 0xFF, 0xFF, 0xFF, 0xFF};
static const freeink::Icon icon_wiki_contents_24 = {24, 24, 12, icon_wiki_contents_24_bits};

static const uint8_t icon_wiki_contents_32_bits[] = {
    0xFF, 0xFF, 0xFF, 0xFF, 0xFF, 0xFF, 0xFF, 0xFF, 0xFF, 0xFF, 0xFF, 0xFF, 0xFF, 0xFF, 0xFF, 0xFF, 0xFF, 0xFF, 0xFF,
    0xFF, 0xFF, 0xC0, 0x00, 0x0F, 0xE7, 0x80, 0x00, 0x07, 0xE7, 0xC0, 0x00, 0x07, 0xFF, 0xFF, 0xFF, 0xFF, 0xFF, 0xFF,
    0xFF, 0xFF, 0xFF, 0xFF, 0xFF, 0xFF, 0xFF, 0xFF, 0xFF, 0xFF, 0xFF, 0xFF, 0xFF, 0xFF, 0xFF, 0xFF, 0xFF, 0xFF, 0xFF,
    0xFF, 0xFF, 0xFF, 0xE7, 0xC0, 0x00, 0x07, 0xE7, 0xC0, 0x00, 0x07, 0xFF, 0xFF, 0xFF, 0xFF, 0xFF, 0xFF, 0xFF, 0xFF,
    0xFF, 0xFF, 0xFF, 0xFF, 0xFF, 0xFF, 0xFF, 0xFF, 0xFF, 0xFF, 0xFF, 0xFF, 0xFF, 0xFF, 0xFF, 0xFF, 0xFF, 0xFF, 0xFF,
    0xFF, 0xE7, 0xC0, 0x00, 0x07, 0xE7, 0x80, 0x00, 0x07, 0xFF, 0xC0, 0x00, 0x0F, 0xFF, 0xFF, 0xFF, 0xFF, 0xFF, 0xFF,
    0xFF, 0xFF, 0xFF, 0xFF, 0xFF, 0xFF, 0xFF, 0xFF, 0xFF, 0xFF, 0xFF, 0xFF, 0xFF, 0xFF};
static const freeink::Icon icon_wiki_contents_32 = {32, 32, 16, icon_wiki_contents_32_bits};

// go_trash  (lucide: trash-2)
static const uint8_t icon_go_trash_24_bits[] = {
    0xFF, 0xFF, 0xFF, 0xFF, 0x81, 0xFF, 0xFF, 0x00, 0xFF, 0xFE, 0x7E, 0x7F, 0xFE, 0x7E, 0x7F, 0xC0, 0x00, 0x03,
    0xC0, 0x00, 0x03, 0xF3, 0xFF, 0xCF, 0xF3, 0xFF, 0xCF, 0xF3, 0xFF, 0xCF, 0xF3, 0x99, 0xCF, 0xF3, 0x99, 0xCF,
    0xF3, 0x99, 0xCF, 0xF3, 0x99, 0xCF, 0xF3, 0x99, 0xCF, 0xF3, 0x99, 0xCF, 0xF3, 0x99, 0xCF, 0xF3, 0x99, 0xCF,
    0xF3, 0xFF, 0xCF, 0xF3, 0xFF, 0xCF, 0xF3, 0xFF, 0xCF, 0xF8, 0x00, 0x1F, 0xFC, 0x00, 0x3F, 0xFF, 0xFF, 0xFF};
static const freeink::Icon icon_go_trash_24 = {24, 24, 11, icon_go_trash_24_bits};
static const uint8_t icon_go_trash_32_bits[] = {
    0xFF, 0xFF, 0xFF, 0xFF, 0xFF, 0xF8, 0x1F, 0xFF, 0xFF, 0xE0, 0x07, 0xFF, 0xFF, 0xC0, 0x03, 0xFF, 0xFF, 0xCF, 0xF3,
    0xFF, 0xFF, 0x8F, 0xF1, 0xFF, 0xFF, 0x8F, 0xF1, 0xFF, 0xE0, 0x00, 0x00, 0x07, 0xE0, 0x00, 0x00, 0x07, 0xF8, 0xFF,
    0xFF, 0x1F, 0xF8, 0xFF, 0xFF, 0x1F, 0xF8, 0xFF, 0xFF, 0x1F, 0xF8, 0xFF, 0xFF, 0x1F, 0xF8, 0xFB, 0xDF, 0x1F, 0xF8,
    0xF1, 0x8F, 0x1F, 0xF8, 0xF1, 0x8F, 0x1F, 0xF8, 0xF1, 0x8F, 0x1F, 0xF8, 0xF1, 0x8F, 0x1F, 0xF8, 0xF1, 0x8F, 0x1F,
    0xF8, 0xF1, 0x8F, 0x1F, 0xF8, 0xF1, 0x8F, 0x1F, 0xF8, 0xF1, 0x8F, 0x1F, 0xF8, 0xF1, 0x8F, 0x1F, 0xF8, 0xF3, 0xCF,
    0x1F, 0xF8, 0xFF, 0xFF, 0x1F, 0xF8, 0xFF, 0xFF, 0x1F, 0xF8, 0xFF, 0xFF, 0x1F, 0xFC, 0xFF, 0xFF, 0x3F, 0xFC, 0x00,
    0x00, 0x3F, 0xFE, 0x00, 0x00, 0x7F, 0xFF, 0x80, 0x01, 0xFF, 0xFF, 0xFF, 0xFF, 0xFF};
static const freeink::Icon icon_go_trash_32 = {32, 32, 16, icon_go_trash_32_bits};

// go_handicap  (lucide: circle-plus)
static const uint8_t icon_go_handicap_24_bits[] = {
    0xFF, 0xFF, 0xFF, 0xFF, 0x81, 0xFF, 0xFE, 0x00, 0x7F, 0xF8, 0x7E, 0x1F, 0xF1, 0xFF, 0x8F, 0xE3, 0xFF, 0xC7,
    0xE7, 0xFF, 0xE7, 0xCF, 0xE7, 0xF3, 0xCF, 0xE7, 0xF3, 0x9F, 0xE7, 0xF9, 0x9F, 0xE7, 0xF9, 0x9E, 0x00, 0x79,
    0x9E, 0x00, 0x79, 0x9F, 0xE7, 0xF9, 0x9F, 0xE7, 0xF9, 0xCF, 0xE7, 0xF3, 0xCF, 0xE7, 0xF3, 0xE7, 0xFF, 0xE7,
    0xE3, 0xFF, 0xC7, 0xF1, 0xFF, 0x8F, 0xF8, 0x7E, 0x1F, 0xFE, 0x00, 0x7F, 0xFF, 0x81, 0xFF, 0xFF, 0xFF, 0xFF};
static const freeink::Icon icon_go_handicap_24 = {24, 24, 12, icon_go_handicap_24_bits};
static const uint8_t icon_go_handicap_32_bits[] = {
    0xFF, 0xFF, 0xFF, 0xFF, 0xFF, 0xFE, 0x7F, 0xFF, 0xFF, 0xC0, 0x03, 0xFF, 0xFF, 0x80, 0x01, 0xFF, 0xFE, 0x07, 0xE0,
    0x7F, 0xFC, 0x3F, 0xFC, 0x3F, 0xF8, 0x7F, 0xFE, 0x1F, 0xF1, 0xFF, 0xFF, 0x8F, 0xF1, 0xFF, 0xFF, 0x8F, 0xE3, 0xFF,
    0xFF, 0xC7, 0xC7, 0xFE, 0x7F, 0xE7, 0xC7, 0xFE, 0x7F, 0xE3, 0xCF, 0xFE, 0x7F, 0xE3, 0xCF, 0xFE, 0x7F, 0xF3, 0xCF,
    0xFE, 0x7F, 0xF3, 0x8F, 0xC0, 0x03, 0xF1, 0x8F, 0xC0, 0x03, 0xF1, 0xCF, 0xFE, 0x7F, 0xF3, 0xCF, 0xFE, 0x7F, 0xF3,
    0xC7, 0xFE, 0x7F, 0xE3, 0xC7, 0xFE, 0x7F, 0xE3, 0xC7, 0xFE, 0x7F, 0xE7, 0xE3, 0xFF, 0xFF, 0xC7, 0xF1, 0xFF, 0xFF,
    0x8F, 0xF1, 0xFF, 0xFF, 0x0F, 0xF8, 0x7F, 0xFE, 0x1F, 0xFC, 0x3F, 0xFC, 0x3F, 0xFE, 0x07, 0xE0, 0x7F, 0xFF, 0x80,
    0x01, 0xFF, 0xFF, 0xE0, 0x07, 0xFF, 0xFF, 0xFE, 0x7F, 0xFF, 0xFF, 0xFF, 0xFF, 0xFF};
static const freeink::Icon icon_go_handicap_32 = {32, 32, 15, icon_go_handicap_32_bits};

// go_board  (lucide: grid-3x3)
static const uint8_t icon_go_board_24_bits[] = {
    0xFF, 0xFF, 0xFF, 0xFF, 0xFF, 0xFF, 0xF0, 0x00, 0x0F, 0xE0, 0x00, 0x07, 0xCF, 0x3C, 0xF3, 0xCF, 0x3C, 0xF3,
    0xCF, 0x3C, 0xF3, 0xCF, 0x3C, 0xF3, 0xC0, 0x00, 0x03, 0xC0, 0x00, 0x03, 0xCF, 0x3C, 0xF3, 0xCF, 0x3C, 0xF3,
    0xCF, 0x3C, 0xF3, 0xCF, 0x3C, 0xF3, 0xC0, 0x00, 0x03, 0xC0, 0x00, 0x03, 0xCF, 0x3C, 0xF3, 0xCF, 0x3C, 0xF3,
    0xCF, 0x3C, 0xF3, 0xCF, 0x3C, 0xF3, 0xE0, 0x00, 0x07, 0xF0, 0x00, 0x0F, 0xFF, 0xFF, 0xFF, 0xFF, 0xFF, 0xFF};
static const freeink::Icon icon_go_board_24 = {24, 24, 12, icon_go_board_24_bits};
static const uint8_t icon_go_board_32_bits[] = {
    0xFF, 0xFF, 0xFF, 0xFF, 0xFF, 0xFF, 0xFF, 0xFF, 0xFF, 0xFF, 0xFF, 0xFF, 0xF0, 0x00, 0x00, 0x0F, 0xE0, 0x00, 0x00,
    0x07, 0xE3, 0xE7, 0xE7, 0xC7, 0xE7, 0xE7, 0xE7, 0xE7, 0xE7, 0xE7, 0xE7, 0xE7, 0xE7, 0xE7, 0xE7, 0xE7, 0xE7, 0xE7,
    0xE7, 0xE7, 0xE7, 0xE7, 0xE7, 0xE7, 0xE0, 0x00, 0x00, 0x07, 0xE0, 0x00, 0x00, 0x07, 0xE7, 0xE7, 0xE7, 0xE7, 0xE7,
    0xE7, 0xE7, 0xE7, 0xE7, 0xE7, 0xE7, 0xE7, 0xE7, 0xE7, 0xE7, 0xE7, 0xE7, 0xE7, 0xE7, 0xE7, 0xE7, 0xE7, 0xE7, 0xE7,
    0xE0, 0x00, 0x00, 0x07, 0xE0, 0x00, 0x00, 0x07, 0xE7, 0xE7, 0xE7, 0xE7, 0xE7, 0xE7, 0xE7, 0xE7, 0xE7, 0xE7, 0xE7,
    0xE7, 0xE7, 0xE7, 0xE7, 0xE7, 0xE7, 0xE7, 0xE7, 0xE7, 0xE3, 0xE7, 0xE7, 0xC7, 0xE0, 0x00, 0x00, 0x07, 0xF0, 0x00,
    0x00, 0x0F, 0xFF, 0xFF, 0xFF, 0xFF, 0xFF, 0xFF, 0xFF, 0xFF, 0xFF, 0xFF, 0xFF, 0xFF};
static const freeink::Icon icon_go_board_32 = {32, 32, 16, icon_go_board_32_bits};
// The shelf chooser's tick, knocked out of the filled box that says an item
// is on the list. Spliced by hand from the manifest line `tick = check`, like
// every icon added since the two whose SVG sources were lost -- see the warning
// at the top of tools_local/toybox/icons.txt. The box itself is drawn from a
// fill and a stroke, not from an asset: filled-versus-outlined is what the page
// marks on the same screen already mean by it.
//
// 24px and no 32: it is drawn inside a 32px box, and the second size would be
// bytes nothing reads.
// tick  (lucide: check)
static const uint8_t icon_tick_24_bits[] = {
    0xFF, 0xFF, 0xFF, 0xFF, 0xFF, 0xFF, 0xFF, 0xFF, 0xFF, 0xFF, 0xFF, 0xFF, 0xFF, 0xFF, 0xFF, 0xFF, 0xFF, 0xE7,
    0xFF, 0xFF, 0xC7, 0xFF, 0xFF, 0x8F, 0xFF, 0xFF, 0x1F, 0xFF, 0xFE, 0x3F, 0xFF, 0xFC, 0x7F, 0xE7, 0xF8, 0xFF,
    0xE3, 0xF1, 0xFF, 0xF1, 0xE3, 0xFF, 0xF8, 0xC7, 0xFF, 0xFC, 0x0F, 0xFF, 0xFE, 0x1F, 0xFF, 0xFF, 0x3F, 0xFF,
    0xFF, 0xFF, 0xFF, 0xFF, 0xFF, 0xFF, 0xFF, 0xFF, 0xFF, 0xFF, 0xFF, 0xFF, 0xFF, 0xFF, 0xFF, 0xFF, 0xFF, 0xFF};
static const freeink::Icon icon_tick_24 = {24, 24, 12, icon_tick_24_bits};

// calculator  (lucide: calculator)
static const uint8_t icon_calculator_24_bits[] = {
    0xFF, 0xFF, 0xFF, 0xF8, 0x00, 0x1F, 0xF0, 0x00, 0x0F, 0xE7, 0xFF, 0xE7, 0xE7, 0xFF, 0xE7, 0xE6, 0x00, 0x67,
    0xE6, 0x00, 0x67, 0xE7, 0xFF, 0xE7, 0xE7, 0xFF, 0xE7, 0xE6, 0x66, 0x67, 0xE6, 0x66, 0x67, 0xE7, 0xFF, 0xE7,
    0xE7, 0xFF, 0xE7, 0xE6, 0x66, 0x67, 0xE6, 0x66, 0x67, 0xE7, 0xFE, 0x67, 0xE7, 0xFE, 0x67, 0xE6, 0x66, 0x67,
    0xE6, 0x66, 0x67, 0xE7, 0xFF, 0xE7, 0xE7, 0xFF, 0xE7, 0xF0, 0x00, 0x0F, 0xF8, 0x00, 0x1F, 0xFF, 0xFF, 0xFF};
static const freeink::Icon icon_calculator_24 = {24, 24, 11, icon_calculator_24_bits};
static const uint8_t icon_calculator_32_bits[] = {
    0xFF, 0xFF, 0xFF, 0xFF, 0xFF, 0x00, 0x00, 0xFF, 0xF8, 0x00, 0x00, 0x1F, 0xF8, 0x00, 0x00, 0x1F, 0xF1, 0xFF, 0xFF,
    0x8F, 0xF1, 0xFF, 0xFF, 0x8F, 0xF1, 0xFF, 0xFF, 0x8F, 0xF1, 0xC0, 0x03, 0x8F, 0xF1, 0xC0, 0x03, 0x8F, 0xF1, 0xFF,
    0xFF, 0x8F, 0xF1, 0xFF, 0xFF, 0x8F, 0xF1, 0xFF, 0xFF, 0x8F, 0xF1, 0xCE, 0x73, 0x8F, 0xF1, 0x8E, 0x71, 0x8F, 0xF1,
    0xDF, 0xFB, 0x8F, 0xF1, 0xFF, 0xFF, 0x8F, 0xF1, 0xFF, 0xFF, 0x8F, 0xF1, 0xDF, 0xFB, 0x8F, 0xF1, 0x8E, 0x71, 0x8F,
    0xF1, 0xCE, 0x71, 0x8F, 0xF1, 0xFF, 0xF1, 0x8F, 0xF1, 0xFF, 0xF1, 0x8F, 0xF1, 0xFF, 0xF1, 0x8F, 0xF1, 0xCE, 0x71,
    0x8F, 0xF1, 0xCE, 0x73, 0x8F, 0xF1, 0xFF, 0xFF, 0x8F, 0xF1, 0xFF, 0xFF, 0x8F, 0xF1, 0xFF, 0xFF, 0x8F, 0xF8, 0x00,
    0x00, 0x1F, 0xF8, 0x00, 0x00, 0x1F, 0xFF, 0x00, 0x00, 0xFF, 0xFF, 0xFF, 0xFF, 0xFF};
static const freeink::Icon icon_calculator_32 = {32, 32, 15, icon_calculator_32_bits};

// ---------------------------------------------------------------------------
// THE LIVE SCREEN, at 24px and 24px only.
//
// Spliced in by hand, like every icon since the yahtzee and connectfour sources
// went missing (tools_local/toybox/icons.txt says why a blanket regeneration
// drops them). 24 because these sit BESIDE a word in a 64px button or at the
// end of a list row, not alone in a 62px shelf row: a 32px mark there crowds
// the label it is paired with, and every one of these is paired with one.
// live_check  (lucide: rotate-cw)  the Live screen's CHECK. A single circular arrow: ask the website
// now instead of at the next check. `refresh-cw` is two arcs and they blur into
// each other at 24px in one bit.
static const uint8_t icon_live_check_24_bits[] = {
    0xFF, 0xFF, 0xFF, 0xFF, 0xFF, 0xFF, 0xFF, 0x81, 0xF3, 0xFE, 0x00, 0x73, 0xFC, 0x7E, 0x13, 0xF9, 0xFF, 0x83,
    0xF3, 0xFF, 0xC3, 0xE7, 0xFE, 0x03, 0xE7, 0xFE, 0x03, 0xCF, 0xFF, 0xFF, 0xCF, 0xFF, 0xFF, 0xCF, 0xFF, 0xF3,
    0xCF, 0xFF, 0xF3, 0xCF, 0xFF, 0xF3, 0xCF, 0xFF, 0xF3, 0xE7, 0xFF, 0xE7, 0xE7, 0xFF, 0xE7, 0xF3, 0xFF, 0xCF,
    0xF9, 0xFF, 0x9F, 0xFC, 0x7E, 0x3F, 0xFE, 0x00, 0x7F, 0xFF, 0x81, 0xFF, 0xFF, 0xFF, 0xFF, 0xFF, 0xFF, 0xFF};
static const freeink::Icon icon_live_check_24 = {24, 24, 10, icon_live_check_24_bits};

// live_power  (lucide: power)  the toggle. The universal power mark, and the only thing on this
// screen that stops it fetching at all.
static const uint8_t icon_live_power_24_bits[] = {
    0xFF, 0xFF, 0xFF, 0xFF, 0xE7, 0xFF, 0xFF, 0xE7, 0xFF, 0xFF, 0xE7, 0xFF, 0xFF, 0xE7, 0xFF, 0xFF, 0xE7, 0xFF,
    0xFB, 0xE7, 0xCF, 0xF3, 0xE7, 0xCF, 0xE7, 0xE7, 0xE7, 0xE7, 0xE7, 0xE7, 0xCF, 0xE7, 0xF3, 0xCF, 0xE7, 0xF3,
    0xCF, 0xE7, 0xF3, 0xCF, 0xFF, 0xF3, 0xCF, 0xFF, 0xF3, 0xCF, 0xFF, 0xF3, 0xE7, 0xFF, 0xE7, 0xE7, 0xFF, 0xE7,
    0xF3, 0xFF, 0xCF, 0xF9, 0xFF, 0x9F, 0xFC, 0x7E, 0x3F, 0xFE, 0x00, 0x7F, 0xFF, 0x81, 0xFF, 0xFF, 0xFF, 0xFF};
static const freeink::Icon icon_live_power_24 = {24, 24, 13, icon_live_power_24_bits};

// live_add  (lucide: plus)  let somebody else send. A bare plus, which has no interior detail
// to lose. `user-plus` was the literal choice and its head-and-shoulders is mush
// beside a 24px stroke weight.
static const uint8_t icon_live_add_24_bits[] = {
    0xFF, 0xFF, 0xFF, 0xFF, 0xFF, 0xFF, 0xFF, 0xFF, 0xFF, 0xFF, 0xFF, 0xFF, 0xFF, 0xE7, 0xFF, 0xFF, 0xE7, 0xFF,
    0xFF, 0xE7, 0xFF, 0xFF, 0xE7, 0xFF, 0xFF, 0xE7, 0xFF, 0xFF, 0xE7, 0xFF, 0xFF, 0xE7, 0xFF, 0xF0, 0x00, 0x0F,
    0xF0, 0x00, 0x0F, 0xFF, 0xE7, 0xFF, 0xFF, 0xE7, 0xFF, 0xFF, 0xE7, 0xFF, 0xFF, 0xE7, 0xFF, 0xFF, 0xE7, 0xFF,
    0xFF, 0xE7, 0xFF, 0xFF, 0xE7, 0xFF, 0xFF, 0xFF, 0xFF, 0xFF, 0xFF, 0xFF, 0xFF, 0xFF, 0xFF, 0xFF, 0xFF, 0xFF};
static const freeink::Icon icon_live_add_24 = {24, 24, 12, icon_live_add_24_bits};

// live_remove  (lucide: x)  the glyph at the right of a sender row. `x` rather than `trash-2`:
// a bin is a drawn object with a lid and three lines in it, and at 24px in one
// bit it fills in. The X is two strokes and it is what every list in the world
// puts at the end of a row you can take out.
static const uint8_t icon_live_remove_24_bits[] = {
    0xFF, 0xFF, 0xFF, 0xFF, 0xFF, 0xFF, 0xFF, 0xFF, 0xFF, 0xFF, 0xFF, 0xFF, 0xFF, 0xFF, 0xFF, 0xF9, 0xFF, 0x9F,
    0xF8, 0xFF, 0x1F, 0xFC, 0x7E, 0x3F, 0xFE, 0x3C, 0x7F, 0xFF, 0x18, 0xFF, 0xFF, 0x81, 0xFF, 0xFF, 0xC3, 0xFF,
    0xFF, 0xC3, 0xFF, 0xFF, 0x81, 0xFF, 0xFF, 0x18, 0xFF, 0xFE, 0x3C, 0x7F, 0xFC, 0x7E, 0x3F, 0xF8, 0xFF, 0x1F,
    0xF9, 0xFF, 0x9F, 0xFF, 0xFF, 0xFF, 0xFF, 0xFF, 0xFF, 0xFF, 0xFF, 0xFF, 0xFF, 0xFF, 0xFF, 0xFF, 0xFF, 0xFF};
static const freeink::Icon icon_live_remove_24 = {24, 24, 12, icon_live_remove_24_bits};
